qna_id;question;answer;tags;query_1;query_2;query_3;query_4;query_5;query_6;query_7;query_8;query_9;query_10;query_11;query_12;query_13;query_14;query_15;query_16;query_17;query_18;query_19;query_20
1;Bir dönemde en fazla kaç Kredi/AKTS ders alabilirim?;"Bir öğrencinin bir yarıyılında alabileceği azami Kredi/AKTS toplamı, yarıyıl uygulamasında bir yarıyılda tanımlanmış derslerin toplam Kredi/AKTS yükünün %50’sinden fazlasını geçemez. Örneğin; dönem AKTS miktarı 30 ise bu miktarın yarısı kadar daha ders eklenerek toplamda AKTS miktarı 45 AKTS ye kadar çıkarılabilir. Bir döneme ait alınması gereken Kredi/AKTS miktarları programa göre değişiklik gösterebilmektedir. Öğrencilerimiz ""http://auzef.istanbul.edu.tr"" http://auzef.istanbul.edu.tr programlar sekmesinden programını seçerek ""Dersler"" alanından dönemsel Kredi/AKTS miktarına ulaşabilir.";DERS_SECIMI_MUAFIYET-DERS_EKLE_SIL-BILGI;Bir akademik dönem içerisinde maksimum kaç Kredi/AKTS'lik ders alabilirim?;Bir dönemde alabileceğim maksimum Kredi/AKTS miktarı nedir?;Dönemlik maksimum ders kredisi (AKTS) limiti kaçtır?;Bir dönemde alınabilecek en yüksek Kredi/AKTS sayısı nedir?;Bir dönemde maksimum ne kadar Kredi/AKTS ders alabilirim?;Öğrenciler bir dönem içinde ne kadar kredi ya da AKTS alabilirler?;Bir dönemdeki maksimum Kredi/AKTS limiti kaçtır?;Dönem başına alınabilecek Kredi/AKTS sayısının üst sınırı nedir?;;;;;;;;;;;;
2;Ödememi hangi bankadan yatırmalıyım?;"Ödeme işlemi ""aksis.istanbul.edu.tr""  ""Harç Bilgileri""  alanından yapabilirsiniz. Ayrıca AKSİS ten referans numarası alınarak Halk Bank Şube/ATM’lerinden gerçekleştirilir.";KAYIT_YENILEME_ODEME-ODEME_ISLEMLERI_KY-BILGI;Eğitim ücretimi yatırmak için hangi bankaları kullanabilirim?;Üniversite ödemelerimi hangi banka üzerinden gerçekleştirmeliyim?;Eğitim ücreti ödeme işlemlerim için kullanabileceğim bankalar hangileridir?;Eğitim giderlerimin ödemesini yaparken hangi bankaları kullanmam gerektiği bilgisine nereden ulaşabilirim?;Öğrenim ücreti ve diğer ödemeler için hangi bankalar aracılığıyla işlem yapabilirim?;bankalar ve ödeme yönergeleri hakkında bilgi nerede yer alıyor?;anlaşmalı olduğumuz bankalar ve ödeme prosedürü hakkında bilgiyi nereden edinebilirim?;Eğitim ücretimi ödemek için kullanmam gereken banka ve şube bilgilerini nasıl öğrenebilirim?; ödeme işlemleri için tercih edilecek banka bilgileri nereden alınır?;;;;;;;;;;;
3;AUZEF'te engelli öğrencilerin ücret indirimi nasıl yapılır?;"%40 ve üzeri engel durumu olup, Materyal ücreti muafiyeti talebinde bulunacak olan öğrencilerimizden aşağıda belirtilen evrakları Fakültemize ulaştırmaları (kargo yoluyla) hâlinde, program süresi ve kayıtlı olunan program sayısı sınırlaması olmaksızın öğrenim/materyal ücreti ve öğrenci katkı payı alınmayacaktır. Gerekli Evraklar: 1- Sağlık Kurulu Raporu: İlgili kurum ve kuruluşlardan alacakları belgenin ıslak imzalı, mühürlü, aslı gibidir onaylı örneği ya da E-Devlet sisteminden alınan elektronik imzalı hali, 2- İndirim/Muafiyet Başvurusu İçin Dilekçe: Başvuran adayın kendisinin doldurduğu talebini belirten ıslak imzalı dilekçe. Ayrıntılı bilgi ve dilekçe örneğine ""https://auzef.istanbul.edu.tr/tr/content/tanimlar-kosullar/ozel-gereksinimli-ogrenciler"" buradan ulaşabilirsiniz.";KAYIT_YENILEME_ODEME-ODEME_ISLEMLERI_KY-DESTEK;AUZEF'te engelli öğrenci olarak ücret indiriminden faydalanmak istiyorum;Engelli öğrenci indirimi için AUZEF'te hangi prosedürleri takip etmeliyim?;AUZEF'te engelli öğrencilere sunulan ücret indirimi hakkında detaylı bilgi almak istiyorum;Engelli statüsünde olan öğrencilerin AUZEF'te eğitim ücretlerinde indirim alabilmesi için gereken şartlar?;AUZEF'te engelli öğrenciler için öngörülen ücret indirimi için hangi belgeleri sunmam gerekiyor?;Engelli öğrenci olarak AUZEF'te ücret indiriminden yararlanmak istiyorum;AUZEF'te engelli öğrencilere sağlanan ücret indiriminden nasıl faydalanabilirim?;Engelli öğrenci muafiyeti almak istiyorum;engelli indirimi için başvuru süreci ve gerekli belgeler nelerdir;;;;;;;;;;;
4;Sınavlar hakkında bilgiye nereden erişebilirim?;"Sınavlarla ilgili ayrıntılı bilgiye web sayfamızdan ulaşabilirsiniz. Ayrıntılı bilgiye ""https://auzef.istanbul.edu.tr/tr/content/olcme-degerlendirme/sinavlar-hakkinda"" buradan ulaşabilirsiniz. -Tüm sınav tarihleri güncel olarak web sayfasındaki (""auzef.istanbul.edu.tr"" auzef.istanbul.edu.tr) ""AKADEMİK TAKVİM"" sayfasında yer alır. -Tüm sınavlar öncesinde, belirlenen tarih aralığında ""https://auzefsinav.istanbul.edu.tr"" https://auzefsinav.istanbul.edu.tr üzerinden sınav merkezi tercihi alınır. Tercih tarihleri (""https://auzef.istanbul.edu.tr/"" https://auzef.istanbul.edu.tr/) web sayfası, AUZEF sosyal medya hesapları ve SMS ile öğrencilere duyurulur. -Her akademik yarıyılda bir ara sınav (vize) ve bir bitirme (final) sınavı olmak üzere iki sınav yapılmaktadır. Bitirme sınavlarında başarısız olan bir öğrenciler herhangi bir ön şarta bağlı olmaksızın her yarıyılda FF DD ve DC dersleri için bir telafi (bütünleme) sınavına girme hakkına sahiptir. -AUZEF Sınavları (Vize, Final, Bütünleme) akademik takvimde belirtilen gün ve tarihlerde Fakültemizin uygun gördüğü sınav merkezlerinde gözetimli olarak olarak yapılmaktadır. -Fakültemiz tarafından gerçekleştirilen sınavların geneli çoktan seçmeli test şeklinde yapılmaktadır. Her ders için 20 soru sorulmakta ve soruların çözümü için 30 dakika süre verilmektedir. AUZEF tarafından gerçekleştirilen sınavlar yüzyüze olarak yapılır.";SINAV_HAKKINDA_BILGI-HARF_NOTU_SHB-BILGI;sınavlar hakkında detaylı bilgiye nasıl ulaşırım;sınav tarihleri bilgisine nereden ulaşırım?;sınav yerleri nereden ulaşabilirim?;sınav takvimine nereden ulaşırım?;Sınav tarihleri, sınav yerleri hakkında bilgi almak istiyorum?;sınav tarihleri ve sınav kuralları gibi detaylara nasıl erişebilirim?;AUZEF sınavlarıyla ilgili en güncel bilgilere, sınav takvimine ve sınav kurallarına nereden ulaşırım?;sınavlarım hakkında bilgi almak istiyorum, sınav takvimi, formatı ve gerekli belgeler hakkında nereden bilgi alabilirim?;sınavlar için gerekli belgelere nereden ılaşırım?;;;;;;;;;;;
5;AUZEF sınav merkezi tercihi nereden yapılır?;"Sınav merkezi tercih sistemi, her sınav dönemi öncesinde öğrencilerimizin tercihlerini güncelleyebilmeleri için açılmaktadır. Öğrenciler, sınav merkezi tercih işlemlerini her sınav öncesi yönetimce belirlenen ve AUZEF web sayfasında duyurulan tarihler arasında gerçekleştirmelidir. Sınav merkezi tercihi belirlenen tarih aralığında ""https://auzefsinav.istanbul.edu.tr"" https://auzefsinav.istanbul.edu.tr adresi üzerinden öğrenciler tarafından yapılacaktır. Sınav merkezi tercihi aşamasında engelli veya hükümlü olan öğrencilerin engel durumları ile ilgili bilgileri hatasız olarak bildirmeleri gerekmektedir.";SINAV_YERI_TERCIHI-ARA_SINAV_SYT-BILGI;AUZEF sınavları için tercih edeceğim sınav merkezini nasıl ve nereden belirleyebilirim?;Sınav merkezi tercihimi nasıl yapabilirim?;AUZEF sınavları için merkez tercihlerimi yapmak istiyorum;Sınav merkezi seçimim için hangi adımları izlemem gerektiğini öğrenmek istiyorum.;AUZEF'te sınav merkezi tercih işlemi nereden yapılıyor?;Sınav merkezi tercihim için AUZEF içinde bir işlem yapmam gerekiyor mu?;sınav merkezi seçimimi için gerekli yönergeler nerede yer alıyor?;AUZEF sınavları için sınav merkezi tercihlerimi nereye bildirmem gerekir?;"Yeni ikametgahıma göre sınav merkezi değişikliğini nerede yapabilirim.  
";;;;;;;;;;;
6;Canlı derslere nasıl katılırım?;"Canlı Ders programına AKSİS ""AUZEF Öğrenme Yönetim Sistemi"" alanından ulaşılır. Canlı derslere sadece uzaktan öğretim programı öğrencileri giriş sağlayabilmektedir. Uzaktan öğretim programlarına kayıt olmak için öğrencilerin ÖSYM sınavlarına girmiş ve programa yerleştirilerek kayıt yaptırmış olması gerekmektedir. ";DERS_MATERYALLERI-CANLI_DERS_ISLEYIS_ANLATIMI-DESTEK;Canlı derslere katılım işlemi nasıl yapılır?;Canlı derslere giriş için ne yapmam gerekiyor?;Online canlı derslere nasıl bağlanabilirim?;Canlı ders katılım süreci nasıldır?;Canlı derslere erişim sağlama yöntemi nedir?;Canlı derslere nasıl dahil olunur?;Canlı derslere katılma yöntemleri nelerdir?;Canlı derslere katılmak için adımlar nelerdir?;;;;;;;;;;;;
7;AUZEF Mobil nedir?; AUZEF Mobil, Google Play ve App Store’da yer alan bir uygulamadır. AUZEF Mobil ile ders kitaplarınızı mobil cihazlarınızdan okuyabilir, uygulamayı tabletinize ve telefonlarınıza ücretsiz kurabilirsiniz.;AUZEF_MOBIL_PROBLEMLERI-DIGER-DESTEK;AUZEF Mobil uygulaması hakkında bilgi verir misiniz?;AUZEF Mobil'in işlevleri nelerdir?;AUZEF Mobil uygulamasının amacı nedir?;AUZEF Mobil ne işe yarar?;AUZEF Mobil uygulaması ne için kullanılır?;AUZEF Mobil platformunun özellikleri nelerdir?;AUZEF Mobil hakkında genel bilgi nedir?;AUZEF Mobil uygulamasının kullanım amacı nedir?;AUZEF Mobil uygulaması ne işe yarar?;;;;;;;;;;;
8;(DC) ve (DD) harf notları neyi ifade eder?;Bir dersten (DD) ve (DC) harf notlarından birini alan öğrenci o dersi koşullu olarak başarmış sayılır. Mezuniyet aşamasında koşullu başarılı notların, başarılı kabul edilebilmesi için öğrencinin AGNO’ sunun en az 2.00 olması gerekir. Mezuniyet aşamasına gelmiş ve FF harf notlu dersi olmayan ancak AGNO'su 2.00'ın altında kalan öğrenciler bu derslerini tekrar alıp ortalamalarını yükseltmelidir. İlgili dönemlerde de öğrenciler ilgili derslerin sınavına tekrar girerek notlarını yükseltebilir.;SINAV_HAKKINDA_BILGI-HARF_NOTU_SHB-BILGI;(DC) ve (DD) harf notlarının anlamı nedir?;(DC) ve (DD) notları akademik olarak ne anlama gelir?;(DC) ve (DD) dereceleri neyi gösterir?;(DC) ve (DD) harf notlarının tanımı nedir?;(DC) ve (DD) harfleriyle ifade edilen notlar ne anlatır?;(DC) ve (DD) notlarının değeri nedir?;(DC) ve (DD) ile belirtilen harf notları hangi durumu ifade eder?;(DC) ve (DD) harf notlarının akademik değerlendirmedeki yeri nedir?;(DC) ve (DD) notları ile geçer miyim?;;;;;;;;;;;
9;Bitirme(Final) sınavına ne zaman gireceğim?;"Sınav tarihleri eğitim-öğretim yılı başında  auzef.istanbul.edu.tr de ""Akademik Takvim"" alanından yayınlanmaktadır. 
Bitirme(Final) Telafi(Bütünleme) sınavı ve diğer tüm sınavların tarihlerine Akademik Takvimden ulaşabilirsiniz.";SINAV_HAKKINDA_BILGI-BITIRME_SINAVI_SHB-BILGI;Final sınavı tarihleri ne zaman açıklanacak?;Bitirme sınavı için belirlenen tarih nedir?;Final sınavına giriş tarihi ne zaman olacak?;Bitirme sınavının yapılacağı zamanı nasıl öğrenebilirim?;Final sınav tarihleri hakkında bilgi nereden alınır?;Bitirme sınavına katılım için tarihler ne zaman belirlenir?;Final sınavına ne zaman gireceğimiz açıklandı mı?;Bitirme sınavının zamanlaması hakkında bilgiye nasıl ulaşabilirim?;final sınav tarihi ne zaman?;;;;;;;;;;;
10;Bitirme(Final) sınav sonuçlarına nereden ulaşabilirim?;"Bitirme (Final) Telafi(Bütünleme) sınav sonuçları ilk olarak ""https://auzefsinav.istanbul.edu.tr"" https://auzefsinav.istanbul.edu.tr/ adresinden ilan edilir, ""https://auzefsinav.istanbul.edu.tr/"" https://auzefsinav.istanbul.edu.tr/ adresine AKSİS kullanıcı adı ve şifresi ile giriş yapılır. Daha sonra notlar AKSİS' e aktarılır.";SINAV_HAKKINDA_BILGI-BITIRME_SINAVI_SHB-BILGI;Final sınav sonuçlarına erişim nasıl sağlanır?;Bitirme sınavı sonuçlarına ulaşmak için hangi adımları takip etmeliyim?;Final sınav sonuçlarımı nereden görebilirim?;Bitirme sınavı sonuçlarına nasıl ulaşırım?;Final sınav sonuçlarını nereden ve nasıl kontrol edebilirim?;Bitirme sınavı sonuçlarımı görüntüleme yolu nedir?;Final sınavı sonuçları hangi platform üzerinden paylaşılıyor?;Bitirme sınavı sonuçları için hangi web sitesini ziyaret etmeliyim?;;;;;;;;;;;;
11;Kayıt yenilemeden öğrenci durum belgesi alabilir miyim?;"Öğrenci Belgesi ve Öğrenci Durum Belgesi sadece ""Devamlı Öğrenci"" statüdeki öğrencilere verilebilir. Kayıt yenilemediğiniz takdirde Öğrenci Belgesi alamazsınız. Kayıt yenilemeyen öğrenciler AKSİS'ten ""Öğrenci Kayıt Yenilemedi Belgesi"" alabilirler.";BELGE_TALEBI-OGRENCI_DURUM_BELGESI-DESTEK;Kayıt yenileme işlemi yapmadan öğrenci belgesi alınabilir mi?;Kayıt yenileme öncesinde öğrenci durum belgesi temin edebilir miyim?;Öğrenci durum belgesini kayıt yenilemeden alma imkanım var mı?;Kayıt yenilemeden önce öğrenci belgesi alabilir miyim?;Kayıt yenileme yapılmadan öğrenci durum belgesi nasıl alınır?;Kayıt yenilemeden öğrenci durum belgesi alma şansım var mı?;Kayıt yenileme işlemini beklemeden öğrenci belgesi alabilir miyim?;Öğrenci durum belgesini kayıt yenileme dönemi gelmeden alabilir miyim?;;;;;;;;;;;;
12;Sınav merkezi tercih tarihlerini kaçırdım nerede sınava gireceğim?;Sınav merkez tercihini yapamamış öğrencilerimiz bir önceki sınavda hangi merkezi tercih ettiyse yine aynı şekilde o merkez seçilir. Yeni eğitim öğretim yılında kayıt olan ve ilk defa sınava girip tercihini bildirmeyen öğrencilerimizin sınav merkezi AKSİS’ ten bildirdikleri ikamet şehirleri (MERNİS ADRESİ) olarak belirlenecektir.;SINAV_HAKKINDA_BILGI-DIGER-BILGI;Sınav merkezi seçimini yapamadım, sınav yeri belirlemesi nasıl olacak?;Sınav merkezi tercih süresini geçirdim, sınavım hangi merkezde olacak?;öerkes tercih tarihini kaçırdım sınav merkezim neresi olacak?;Sınav merkezi tercihi yapmadım, bu durumda sınav yerim nasıl atanır?;Sınav merkezi seçme tarihini kaçırdım, sınav yerim neresi olur?;sınav merkez tercih zamanını kaçırdığım için sınav merkezim otomatik olarak nereye belirlenecek?;Sınav merkezi belirleme tarihlerini kaçırdım, sınavımı nerede vereceğim?;Sınav merkezi tercihini yapmak için geç kaldım, sınav yerim nereye atanacak?;Sınav yeri tercihi yapmayı unuttum ne yapmalıyım? ;;;;;;;;;;;
13;AUZEF' te dört yanlış bir doğruyu götürüyor mu?;"YÖK kararıyla ülkemizdeki tüm Açık Öğretim programlarında dört yanlış bir doğruyu götürürken, uzaktan öğretim programlarında yanlış cevaplar dikkate alınmaz.
Açık öğretim programlarında  doğru cevap sayısından yanlış cevap sayısının dörtte biri çıkarılarak test ham puanı hesaplanır, dört yanlış bir doğru cevabı götürür. Her hatalı cevap 0,25 doğruyu siler, bu da 1.25 puana denk gelir.";YENI_KAYIT-KAYIT_BILGILENDIRMESI-BILGI;AUZEF sınavlarında dört yanlış bir doğruyu iptal ediyor mu?;sınavda yanlış cevaplar doğru cevapları etkiliyor mu?;AUZEF sınav sisteminde dört yanlışın bir doğruyu götürdüğü doğru mu?;AUZEF'te dört yanlışın bir doğruyu silme kuralı var mı?;AUZEF sınavlarında dört yanlış bir doğru cevabı ortadan kaldırıyor mu?;AUZEF'te verilen dört yanlış cevap bir doğruyu götürüyor mu?;AUZEF sınav politikasında dört yanlış ile bir doğru iptal ediliyor mu?;AUZEF'te yapılan dört yanlış, bir doğru cevabı etkisiz hale getiriyor mu?;;;;;;;;;;;;
14;Kayıt olduğum program hakkında bilgiye nereden ulaşabilirim?;"auzef.istanbul.edu.tr de yer alan  ‘Programlar’ sekmesinden  kayıt olunan programın ismine tıklanır. Kayıt olduğunuz AUZEF programı hakkındaki genel bilgiye  bölüm sayfalarından ulaşabilirsiniz. 
Bu sayfada;
- Program Hakkında genel bilgi
- Dersler
- Akademik Kadro
- Mezuniyet Şartları gibi bilgiler bulunmaktadır.";YENI_KAYIT-KAYIT_BILGILENDIRMESI-BILGI;Kaydolduğum programa ilişkin detaylara nereden ulaşırım?;Kayıt olduğum eğitim programı hakkında bilgi almak için hangi kaynakları kullanabilirim?;Üye olduğum programın bilgilerine nasıl erişebilirim?;Kayıt olduğum kursun ayrıntılarına nereden bakabilirim?;Kayıtlı olduğum programla ilgili bilgilere ulaşmanın yolları nelerdir?;Kayıt olduğum programın içeriği ve detaylarını nereden görebilirim?;Programım hakkında daha fazla bilgiye nereden erişebilirim?;Kaydımı gerçekleştirdiğim programın detaylı bilgilerini nereden öğrenebilirim?;;;;;;;;;;;;
15;AGNO nasıl hesaplanır?;"AGNO; öğrencinin ilk yarıyıldan itibaren aldığı tüm derslerin başarı notlarının kredileriyle çarpımları toplamının ilk yarıyıldan itibaren alınan derslerin kredileri toplamına bölünmesiyle hesaplanır. Alt yarıyıla ait dersin izleyen yarıyılda tekrar edilmesi durumunda alınan not, dersin tekrar edildiği mevcut yarıyıl AGNO hesabına katılır. Hesaplama sonucu, virgülden sonra iki hane olacak şekilde yuvarlatılır.";SINAV_HAKKINDA_BILGI-HARF_NOTU_SHB-BILGI;AGNO hesaplama yöntemi nedir?;AGNO'yu nasıl hesaplayabilirim?;Genel Not Ortalaması (AGNO) hesaplaması nasıl yapılır?;AGNO hesaplamak için hangi formül kullanılır?;AGNO değerini bulmak için ne yapmalıyım?;AGNO'nun nasıl hesaplandığını öğrenmek istiyorum.;AGNO hesaplamasını nasıl yaparım?;AGNO'nun hesaplanma prosedürü nedir?;;;;;;;;;;;;
16;Ağırlık Not Ortalaması (ANO) nasıl hesaplanır?;"ANO; öğrencinin ilgili yarıyılda aldığı derslerin başarı notlarının, kredileriyle çarpımları toplamının ilgili yarıyıldaki kredi toplamına bölünmesiyle hesaplanır.
Dönem notunu hesaplama işlemi, öğrenci otomasyon sistemi tarafından,(AKSİS) sınavların açıklandığı dönemde yönetmelik esaslarına göre otomatik gerçekleştirilir.";SINAV_HAKKINDA_BILGI-HARF_NOTU_SHB-BILGI;ANO hesaplama işlemi nasıl gerçekleştirilir?;Ağırlıklı Not Ortalaması (ANO) nasıl hesaplanır?;ANO hesaplamak için kullanılan yöntem nedir?;ANO'yu hesaplama kılavuzu var mı?;ANO değerimi nasıl hesaplarım?;ANO hesaplaması nasıl yapılır?;ANO'yu bulmak için hangi formüle ihtiyacım var?;Ağırlıklı Not Ortalaması hesaplarken nelere dikkat etmeliyim?;;;;;;;;;;;;
17;AGNO VE ANO nedir?;AGNO: Ağırlıklı genel not ortalamasını, ANO: Ağırlıklı not ortalamasını ifade eder.;SINAV_HAKKINDA_BILGI-HARF_NOTU_SHB-BILGI;AGNO ve ANO'nun tanımları nelerdir?;AGNO ve ANO kavramları ne anlama gelir?;AGNO ve ANO terimlerinin açıklamaları nedir?;AGNO ve ANO neyi ifade eder?;AGNO ve ANO hakkında genel bilgi verir misiniz?;AGNO ve ANO'nun anlamları nelerdir?;AGNO ve ANO hakkında bilgilendirme yapar mısınız?;AGNO ve ANO'nun tanımı nedir ve ne işe yarar?;AGNO ve ANO farkı nedir?;;;;;;;;;;;
18;Sınavsız İkinci Üniversite programlarına kayıt olurken evrak göndermem gerekiyor mu?;Sınavsız İkinci Üniversite kapsamında kayıt olacak adayların YÖKSİS'te eğitim bilgilerinin bulunması gerekmektedir. Adaylar YÖKSİS eğitim bilgileri ile basvuru.istanbul.edu.tr adresinden başvuru yaparak herhangi bir evrak göndermeden ve fakülteye gelmeden sistemden kayıt işlemlerini tamamlayabilirler. Öğrenci adayları E-Devlet sisteminden de eğitim durumlarını kontrol edebilirler.;YENI_KAYIT-KAYIT_BILGILENDIRMESI-DESTEK;Sınavsız İkinci Üniversiteye kayıt için hangi belgeleri sunmalıyım?;İkinci Üniversite programlarına kaydolurken gerekli evraklar nelerdir?;Sınavsız İkinci Üniversite kaydı için belge gönderimi zorunlu mu?;İkinci Üniversite programlarına başvururken hangi dokümanları göndermem gerekiyor?;Sınavsız İkinci Üniversiteye başvuru esnasında evrak gönderme işlemi nasıl yapılır?;İkinci Üniversite kaydında istenen belgeler nelerdir ve nereye gönderilmeli?;Sınavsız İkinci Üniversite programları için başvuru belgeleri hangileridir?;İkinci Üniversite kayıtları için gerekli evraklar ve gönderim süreci nasıl işler?;sınavsız ikinci üniversite kaydı yaptırmak için fakülteye gelmeli miyim?;;;;;;;;;;;
19;Sınavsız İkinci Üniversite kapsamında ne kadar harç ücreti ödemem gerekir?;"Sınavsız İkinci Üniversite programlarının harç ücreti ile ilgili ayrıntılı bilgiyi ""https://auzef.istanbul.edu.tr/tr/content/donem-baslangici/materyal-ucretleri"" buradan inceleyebilirsiniz.";YENI_KAYIT-KAYIT_BILGILENDIRMESI-DESTEK;Sınavsız İkinci Üniversite için ödenecek harç miktarı nedir?;İkinci Üniversite programlarının harç ücretleri ne kadar?;Sınavsız İkinci Üniversiteye kayıt olurken hangi ücretler talep edilir?;İkinci Üniversite eğitimi için ödemem gereken toplam tutar nedir?;Sınavsız İkinci Üniversite harç bedeli ne kadar ve nasıl ödenir?;Sınavsız İkinci Üniversite kaydı için gerekli harç ücreti miktarı ne kadardır?;İkinci Üniversiteye kayıt için ödemem gereken harç ücreti nedir?;Sınavsız İkinci Üniversite programlarına kayıt harcı ne kadar ve ödeme yöntemleri nelerdir?;Sınavsız İkinci Üniversite harcı ödeme bilgileri nedir?;;;;;;;;;;;
20;Sınavsız İkinci Üniversite kapsamında uzaktan eğitim programlarına kayıt olabilir miyim?;Sınavsız İkinci Üniversite kapsamında sadece açık öğretim programlarına kayıt yapılmaktadır. Uzaktan öğretim programlarına ikinci üniversite kapsamında kayıt yapılmamaktadır. Uzaktan öğretim programlarına kayıt olmak için ÖSYM'nin düzenlediği YKS sınavına girip ilgili programa yerleştirilmiş olmanız gerekmektedir.;YENI_KAYIT-KAYIT_BILGILENDIRMESI-BILGI;Sınavsız İkinci Üniversite için uzaktan eğitim seçenekleri mevcut mu?;Uzaktan eğitim yoluyla Sınavsız İkinci Üniversite programlarına katılabilir miyim?;Sınavsız İkinci Üniversite bünyesinde uzaktan eğitim imkanı var mı?;Sınavsız İkinci Üniversiteye kayıt olurken online programları tercih edebilir miyim?;Sınavsız İkinci Üniversite kapsamında sunulan uzaktan eğitim kurslarına nasıl kaydolunur?;Sınavsız İkinci Üniversite uzaktan eğitimle alınabilecek dersler var mı?;İkinci Üniversite programlarında uzaktan eğitim seçeneği sunuluyor mu?;Sınavsız İkinci Üniversite programları içinde online derslere kayıt olma imkanım var mı?;;;;;;;;;;;;
21;Sınavsız İkinci Üniversite kapsamında kayıt olmak için nasıl başvuru yapabilirim?;"Daha önce ÖSYM kılavuzunda yer alan herhangi bir yükseköğretim kurumundan mezunsanız ya da öğrenciliğiniz devam ediyorsa ""Sınavsız İkinci Üniversite"" kapsamında aynı düzey ya da alt düzeydeki programlara kayıt olabilirsiniz. Kayıt tarihleri arasında basvuru.istanbul.edu.tr adresinden sınavsız ikinci üniversite başvurusu için hesap oluşturulur. Hesap aktivasyon işlemi tamamlanır. Aynı sisteme giriş yapılarak bilgi güncelleme ve tercih işlemleri gerçekleştirilir. Fakülte onayından sonra materyal ücreti yatırılarak kayıt tamamlanır.UYARI: Sistemler sadece kayıt tarihleri içerisinde aktif olmaktadır. Sınavsız İkinci Üniversite hakkında ayrıntılı bilgi için ""ikinciuniversite.istanbul.edu.tr"" ikinciuniversite.istanbul.edu.tr adresini ziyaret ediniz.";YENI_KAYIT-KAYIT_BILGILENDIRMESI-BILGI;Sınavsız İkinci Üniversiteye kaydolma süreci nedir?;Sınavsız İkinci Üniversite programlarına başvuru işlemi nasıl yapılır?;Sınavsız İkinci Üniversiteye nasıl kayıt olunur?;Sınavsız İkinci Üniversite programlarına başvurmak için gereken adımlar nelerdir?;Sınavsız İkinci Üniversite başvuru yöntemi nedir?;Sınavsız İkinci Üniversiteye kayıt için nereye başvurmalıyım?;Sınavsız İkinci Üniversiteye başvurmak için ne yapmam gerekiyor?;Sınavsız İkinci Üniversite programlarına nasıl kaydolabilirim?;;;;;;;;;;;;
22;Kayıt zamanında duyurulara nasıl ulaşabilirim?;"Kayıt tarihleri, duyurular, kılavuzlar ""auzef.istanbul.edu.tr"" auzef.istanbul.edu.tr web sayfamızda yayınlanır. Ayrıca tüm duyurularımız gibi kayıt tarihleri de sosyal medya hesaplarımızdan duyurulmaktadır. Duyurulardan anında haberdar olmak için sosyal medya hesaplarımızı takibe alabilirsiniz. Sosyal Medya Hesaplarımız; ""https://www.facebook.com/acikveuzaktanegitim/""  ""https://www.facebook.com/acikveuzaktanegitim/"" FACEBOOK ""https://twitter.com/acikveuzaktan""  ""https://twitter.com/acikveuzaktan"" TWITTER ""https://www.instagram.com/acikveuzaktan/""  ""https://www.instagram.com/acikveuzaktan/"" INSTAGRAM ""https://www.youtube.com/@acikveuzaktan""  ""https://www.youtube.com/@acikveuzaktan""YOUTUBE";;Kayıt dönemi duyurularına nereden erişirim?;Kayıt dönemindeki duyurulara nasıl ulaşırım?;Kayıt zamanındaki duyuruları nereden takip edebilirim?;Kayıt süreci ile ilgili duyurulara ulaşma yolları nelerdir?;Kayıtlarla ilgili duyurulara nasıl erişebilirim?;Kayıt dönemi bilgilendirmelerine nasıl ulaşabilirim?;Kayıt süresince yapılan duyuruları nereden öğrenebilirim?;Kayıt zamanındaki önemli duyuruları görüntüleme yöntemi nedir?;kayıt tarihlerine nereden erişirim?;kalvuzlara nerden erişirim?;;;;;;;;;;
23;Hesap Oluşturma işlemini nasıl ve nereden yapabilirim?(YKS, DGS, Lisans Tamamlama, YÖS kaydıyla fakülteye kayıt olan öğrenciler);"Öğrenciler AKSİS' te hesap oluşturmak için aksis.istanbul.edu.tr adresine girerek ana sayfada ""Hesap Oluştur"" butonuna tıklamalı ve açılan sayfada yer alan bilgileri eksiksiz doldurmalıdır.  Kullanıcı adı ve hesap doğrulama linki beyan edilen mail adresine gönderilmektedir. Bilgilerinizin doğru olduğuna eminseniz ve hata alıyorsanız çağrı merkezimiz 0212 440 00 44 telefon numarasından bize ulaşabilirsiniz.";YENI_KAYIT-KAYIT_BILGILENDIRMESI-DESTEK;YKS, DGS, Lisans Tamamlama, YÖS kayıtları için hesap oluşturma adımları nelerdir?;Fakülteye kayıt olan öğrenciler için hesap açma işlemi nasıl yapılır?;YKS, DGS, Lisans Tamamlama ve YÖS ile kaydolanlar hesap oluşturma sürecini nasıl işletebilir?;YKS, DGS, Lisans Tamamlama, YÖS kaydıyla üniversiteye kaydolan öğrenciler hesap nasıl açar?;Fakülteye kayıt sonrası hesap oluşturma işlemi için yönergeler nelerdir?;YKS, DGS, Lisans Tamamlama ve YÖS kaydı ile fakülteye kayıt olanlar için hesap açma kılavuzu nerede?;Üniversite kaydı sonrasında hesap oluşturma süreci nasıl ilerler?;YKS, DGS, Lisans Tamamlama, YÖS kaydı olan öğrencilerin hesap oluşturma rehberi nedir?;Hesap Oluşturmak istiyorum;;;;;;;;;;;
24;Hesap oluşturma ve başvuru işlemlerimi nasıl gerçekleştirebilirim?;"Hesap oluşturma ve başvuru işlemleri, kayıt dönemi yayınlanan kayıt kılavuzları incelenerek yapılmalıdır. Kılavuzlara ""http://auzef.istanbul.edu.tr/kilavuzlar/"" buradan ulaşabilirsiniz. -Sınavsız ikinci üniversite kapsamında kayıt olacak adaylar tüm bilgilere ""http://ikinciuniversite.istanbul.edu.tr/"" http://ikinciuniversite.istanbul.edu.tr/ sayfasından ulaşabilir ya da direkt olarak ""http://basvuru.istanbul.edu.tr"" http://basvuru.istanbul.edu.tr adresinden hesap oluşturup başvuruda bulunabilirler. İstanbul Üniversitesi öğrencileri; ""http://basvuru.istanbul.edu.tr"" http://basvuru.istanbul.edu.tr adresine AKSİS kullanıcı adı ve şifresi ile girerek başvuruda bulunabilirler. Diğer öğrenci adayları ise(YKS, DGS, YÖS, Lisans Tamamlama, Yatay Geçiş) -AKSİS Otomasyon sisteminden yeni hesap oluşturarak sisteme kayıt olup, kılavuzda belirtilen diğer adımları takip etmelidir.";YENI_KAYIT-KAYIT_BILGILENDIRMESI-BILGI;Hesap açma ve başvuru sürecini nasıl yönetebilirim?;Hesap oluşturarak başvurularımı nasıl tamamlayabilirim?;Başvuru ve hesap oluşturma işlemleri için kılavuz nerede?;Hesap oluşturma ve başvuru yapma adımları nelerdir?;Hesap açma ve başvurularımı nasıl gerçekleştirebilirim?;Hesap oluşturup başvuru işlemlerini nasıl başlatırım?;Hesap oluşturma ve başvuru işlemlerini nasıl yapabilirim?;Başvuru ve hesap oluşturma süreci için ne yapmalıyım?;;;;;;;;;;;;
25;Kaydımı yenilemezsem öğrencilik durumum ne olur?;"Kayıt yenilemeyen öğrencilerin AKSİS ve E- Devlet sisteminde öğrencilik statüsü ""Kayıt Yenilemedi"" olarak işlenir ve öğrenciliği pasif duruma geçer. Kayıt yenilenmeyen yıl/yarıyıllar azami öğrenim süresine dâhil edilir. Kayıt yenilemeyen öğrenciler öğrenci belgesi talep edemez, ilgili dönemin ders materyallerine ulaşamaz ve dönem sınavlarına giremezler. Açıköğretim programlarında 4 dönem; uzaktan eğitim programlarında 8 dönem kayıt yenileme işlemini yerine getirmeyen öğrencilerin kayıtları YÖK'ün 2547 sayılı kanununun 44/c maddesi gereği silinmektedir.";KAYIT_YENILEME_ODEME-KAYIT_YENILEME_ISLEMLERI-BILGI;Kayıt yenileme yapmadığımda öğrencilik statüm ne olacak?;Kaydımı yenilemediğim takdirde öğrencilik durumumda ne gibi değişiklikler olur?;Kayıt yenilemeyi atladığımda öğrencilik hakkım etkilenir mi?;Kaydımı yenilemezsem öğrencilik statüsünde ne gibi sonuçlarla karşılaşırım?;Kayıt yenileme işlemi yapmazsam öğrencilik durumum nasıl etkilenir?;Kayıt yenilemeyi gerçekleştirmezsem öğrencilik hakkımda ne tür değişiklikler olur?;Kayıt yenileme sürecini atlamam öğrencilik statüsüme nasıl yansır?;Kaydımı zamanında yenilemezsem öğrencilik hakkımda ne olur?;;;;;;;;;;;;
26;Eğitim(Materyal) ücretimi nasıl öderim?;"Ödeme işlemleri, HALKBANK ATM/Şubelerinden veya AKSİS sayfasındaki online ödeme ekranından yapılmaktadır.
Banka üzerinden ödeme yapılırken ""Referans Numarası"" adı verilen her öğrenciye özel işlem numarası kullanılmalıdır. 
""Referans Numarası""  AKSİS otomasyon sistemindeki Harç Bilgileri bölümünden öğrenilebilmektedir.";KAYIT_YENILEME_ODEME-ODEME_ISLEMLERI_KY-BILGI;Eğitim materyalleri için ödeme işlemi nasıl yapılır?;Materyal ücreti ödemesini hangi yöntemlerle gerçekleştirebilirim?;Eğitim materyallerinin ücretini ödemek için adımlar nelerdir?;Eğitim malzemeleri için ödeme prosedürü nedir?;Eğitim materyalleri ücretini nasıl ve nereden ödeyebilirim?;Materyal ücretlerini ödeme yöntemleri nelerdir?;Eğitim materyali ücret ödemesi için gerekli bilgiler nelerdir?;Eğitim malzemeleri için ödeme yapma süreci nasıl işler?;Eğitim materyalleri parası nasıl ödenir?;;;;;;;;;;;
27;Evraklarımı AUZEF'e nasıl ulaştırırım?;"Evrak göndermesi gereken öğrenciler evraklarını kargo ve posta ile fakültemize gönderebilir.
-Faks, e-mail yoluyla gönderilen ya da fotokopi niteliği taşıyan evraklar kabul edilmemektedir. 
-Kargo ile gönderilen evraklarda gönderim tarihi dikkate alınır. 
-Kayıt evraklarının, en geç son evrak teslim gününde kargoya verilmiş olması gerekmektedir.
-Gönderim Adresi: İstanbul Üniversitesi Açık ve Uzaktan Eğitim Fakültesi Bilim Sok. No:5 B Blok 34398 Maslak/Sarıyer/İSTANBUL";YENI_KAYIT-EVRAK_ISLEMLERI-DESTEK;AUZEF'e belgelerimi gönderme yöntemi nedir?;Evraklarımı AUZEF'e iletme süreci nasıl işler?;AUZEF'e gerekli dokümanları nasıl ve nereden gönderebilirim?;Belgelerimi AUZEF'e ulaştırmanın en etkili yolu nedir?;AUZEF'e evrak gönderimi için hangi adımları takip etmeliyim?;AUZEF'e dokümanlarımı hangi yöntemlerle ulaştırabilirim?;Evraklarımı AUZEF'e göndermek için gereken prosedürler nelerdir?;AUZEF'e gerekli belgeleri gönderme yöntemleri nelerdir?;AUZEF'e evraklarımı kargo ile gönderebilir miyim?;;;;;;;;;;;
28;Kesin Kayıt bilgisine nasıl ulaşırım?;"Kayıt işlemleri tamamlanan öğrencilerin statüsü AKSİS sistemine ""Devamlı Öğrenci"" olarak işlenir. 
-‘Devamlı Öğrenci’  statüsünde olmak, kesin kayıt işleminin tamamlandığını ifade eder.
-Statünüzü AKSİS  'Özlük Bilgilerim' bölümünden kontrol edebilirsiniz.
-AKSİS' e aksis.istanbul.edu.tr adresinden giriş yapabilirsiniz.";YENI_KAYIT-KAYIT_BILGILENDIRMESI-DESTEK;Kesin kayıt onayı bilgilerine nereden ulaşabilirim?;Kesin kayıt durumumu nasıl kontrol edebilirim?;Kesin kayıt bilgisi için hangi kanalları kullanmalıyım?;Kesin kayıt onayımı nereden görebilirim?;Kayıt onay bilgilerime nasıl erişirim?;Kesin kayıt işleminin durumunu nasıl öğrenebilirim?;Kesin kayıt onayıma erişim yolları nelerdir?;Kesin kayıt bilgisine erişmek için ne yapmam gerekiyor?;"""devamlı öğrenci"" kesin kayıt onaylandı anlamına mı gelir";;;;;;;;;;;
29;Ders alma(Ders seçimi) nasıl yapılır?;Ders alma, mezun olabilmek için gerekli kredi sayısını tamamlamak üzere ilgili (Güz, Bahar) dönemlerde yapılan ders seçimi işlemine denir. Güz dönemi dersleri güz döneminde, bahar dönemi dersleri bahar döneminde verilmektedir.;DERS_SECIMI_MUAFIYET-DERS_EKLE_SIL-DESTEK;Ders seçimi işlemini nasıl gerçekleştirebilirim?;Ders alma süreci nasıl işler?;Ders seçiminde izlenmesi gereken adımlar nelerdir?;Ders alma prosedürü nedir ve nasıl yapılır?;Ders seçimi için gereken işlemler nelerdir?;Ders alma işlemi için ne yapmam gerekiyor?;Ders seçim süreci nasıl ilerler ve nereden başlarım?;Ders seçimi yaparken hangi adımları takip etmeliyim?;ders seçimi yapmak istiyorum;;;;;;;;;;;
30;AUZEF' te öğrenciyken yeniden başka bir programa da kayıt yaptırabilir miyim?;ÖSYM tarafından yerleştirilip kayıt yapan öğrencilerin varsa Fakültemizdeki eski kayıtları hangi dönemde eğitim aldığına bakılmaksızın Yönetim Kurulu Kararı ile silinir.Sınavsız İkinci Üniversite kapsamında kayıt yapacak öğrencilerimizin kayıt hakları varsa fakültedeki önceki kayıtlarını sildirmeleri gerekir. AUZEF' te aynı anda birden fazla programda eğitim alınamaz.;YENI_KAYIT-KAYIT_BILGILENDIRMESI-BILGI;AUZEF'te öğrenciyken başka bir programa kaydolma imkanım var mı?;Mevcut öğrencilik durumumdayken başka bir programa nasıl kayıt olabilirim?;AUZEF'te öğrenci olarak başka bir programa kayıt olabilir miyim?;AUZEF öğrencisiyken farklı bir programa kaydolmanın koşulları nelerdir?;AUZEF'te öğrenim gören biri olarak başka bir programa kayıt işlemi nasıl yapılır?;Başka bir AUZEF programına öğrenciyken kaydolma süreci nasıl işler?;AUZEF'te eğitim alırken başka bir program için nasıl kayıt yaptırabilirim?;AUZEF'te zaten bir programda öğrenciyken başka bir programa kaydolma prosedürü nedir?;;;;;;;;;;;;
31;Hangi koşullarda alt dönemden ders almam gerekir?;"AUZEF' te öğrenciler, alt dönemlerinden kalmış oldukları  FF ve koşullu geçmiş oldukları DC–DD harf notlu derslerini (notlarını yükseltmek için) alttan alabilirler. 
Başarıyla geçilmiş alt dönem dersleri not yükseltmek için tekrar alınamaz.";DERS_SECIMI_MUAFIYET-DERS_EKLE_SIL-BILGI;Alt dönem dersleri alma gerekliliği hangi durumlarda ortaya çıkar?;Alt dönem derslerini ne zaman almalıyım?;Alt dönem ders alımı için gereken koşullar nelerdir?;Hangi şartlarda alt dönem derslerine kaydolmam gerekmektedir?;Alt dönem ders alma zorunluluğu hangi durumlar için geçerlidir?;Alt dönem derslerini alma koşulları nelerdir?;Ne zaman ve hangi şartlar altında alt dönem dersleri alınmalıdır?;Alt dönemden ders alımı için belirlenen kriterler nelerdir?;;;;;;;;;;;;
32;Kayıt yenileyecek öğrenciler ilgili dönemde ders almak için hangi işlemleri yapmalıdır?;"Kayıt yenileyecek öğrenciler, AKSİS' te yer alan  referans numarası ile Halk Bankası şube ve ATM' lerinden ya da AKSİS üzerinden kredi kartı ile ilgili döneme ait materyal/harç ücretlerini yatırmalıdır. 
Ödeme işlemini gerçekleştiren öğrencilerin alt dönemlerden eksik veya kalan dersleri (FF) ile AKTS limiti yeterince zorunlu dönem derslerinin seçimleri AUZEF tarafından yapılmaktadır. Üstten ders alma koşullarını sağlayan öğrencilerimiz, üst dönem derslerini kayıt yenileme kılavuzunda belirtilen şekilde kendileri seçecektir.";KAYIT_YENILEME_ODEME-ODEME_ISLEMLERI_KY-DESTEK;Kayıt yenileme döneminde ders seçimi için gereken adımlar nelerdir?;Kayıt yenileyen öğrenciler ders alma sürecini nasıl yönetmelidir?;Kayıt yenileme sonrası ders seçimi için öğrenciler ne yapmalı?;Ders kaydı için kayıt yenileme yapan öğrencilerin izlemesi gereken süreç nedir?;Kayıt yenileme yaptıktan sonra ders alma işlemleri nasıl gerçekleştirilir?;Kayıt yenileme işlemi sonrasında ders seçmek için hangi işlemler yapılmalı?;Kayıt yenileyen öğrenciler için dönemlik ders alma prosedürleri nelerdir?;Kayıt yenileme gerçekleştiren öğrencilerin ders kaydı için yapması gerekenler nelerdir?;;;;;;;;;;;;
33;AKTS nedir?;"AKTS Öğrencilerin yurt içinde ve yurt dışında aldıkları ve başarılı oldukları ders kredilerinin ve
notlarının bir yükseköğretim kurumundan diğerine transfer edilmelerini sağlayan Avrupa kredi transfer sistemini ifade eder.";YENI_KAYIT-KAYIT_BILGILENDIRMESI-BILGI;AKTS sistemi hakkında bilgi verir misiniz?;Avrupa Kredi Transfer Sistemi (AKTS) tanımı nedir?;AKTS kavramının anlamı ve önemi nedir?;AKTS neyi ifade eder ve nasıl çalışır?;AKTS'nin eğitim sistemimizdeki yeri ve işlevi nedir?;AKTS sistemi nasıl bir yapıya sahiptir?;AKTS, üniversite eğitiminde ne anlama gelmektedir?;Avrupa Kredi Transfer Sistemi (AKTS) nasıl bir sistemdir ve amaçları nelerdir?;;;;;;;;;;;;
34;Üstten ders alabilir miyim, üstten ders alma koşulları nelerdir?;"Açık ve Uzaktan Eğitim Fakültesi programlarında okuyan öğrenciler aşağıdaki şartları sağladıkları takdirde üst yarıyıldan ders alabileceklerdir. Üstten Ders Alma Koşulları: - Kayıt yaptırdığı öğretim yılının ikinci yarıyılından itibaren alması gereken tüm derslerinden başarılı olanlardan AGNO’su 2,50 ve üstünde olan öğrenciler geçtikleri yarıyılın derslerinin yanında ön şartlı veya bağlantılı şartlı olmayan üst yarıyılın ders/derslerini de alabilir. Bunun için öğrencinin gelmiş olduğu sınıfa kadar olan bütün dersleri ile varsa üstten aldığı dersleri de almış ve başarmış olması gerekir. - Fakülteye ilk kez kayıt yaptıran öğrenci, kayıt yaptırdığı öğretim yılının ilk yarıyılında okutulan tüm derslerini almak zorunda olup üst yarıyıllardan ders alamaz. - Lisans programlarında ikinci yarıyıldan ders alan öğrenci altıncı ve sekizinci yarıyıllardan; üçüncü yarıyıldan ders alan öğrenci yedinci yarıyıldan; dördüncü yarıyıldan ders alan öğrenci ise sekizinci yarıyıldan üstten ders alamaz. -Üstten alınan dersler ile beraber alınan toplam kredi miktarı bu maddenin üçüncü fıkrası uyarınca belirlenmiş olan kredi miktarından fazla olamaz. Yönetmeliğe ""https://cdn.istanbul.edu.tr/FileHandler2.ashx?f=yo%CC%88netmelik_20.09.2022.pdf"" buradan ulaşabilirsiniz.";DERS_SECIMI_MUAFIYET-DERS_EKLE_SIL-BILGI;Üst dönem derslerini alabilme şartları nelerdir?;Üstten ders almanın gereklilikleri nelerdir?;Üst dönemden ders alma imkanım var mı ve koşulları nedir?;Üst dönem dersleri için kayıt olma kriterleri nelerdir?;Üstten ders alma süreci ve gereken şartlar nelerdir?;Üst dönem derslerine kaydolabilmek için hangi koşulları sağlamalıyım?;Üst dönem dersleri alabilmek için ne yapmalıyım?;Üstten ders alabilmek için karşılanması gereken temel şartlar nelerdir?;;;;;;;;;;;;
35;Ders seçimi tamamlanmış öğrenci seçilen dersini bırakabilir mi?;"Dersler Fakülte tarafından otomatik olarak seçilir. Öğrenci ders alımında değişiklik yapmak istediği takdirde, ders ekle sil döneminde(Akademik Takvimde belirtilen tarihlerde) DD ve DC harf notlu  dersleri için talepte bulunabilir. 
Değişiklik için ilgili tarihte öğrencinin çözüm merkezinden talep oluşturması gerekmektedir.  Üstten ders alma koşullarını sağlayan öğrencilerimiz, üst dönem derslerini kayıt yenileme kılavuzunda belirtilen şekilde kendileri seçecektir.";DERS_SECIMI_MUAFIYET-DERS_EKLE_SIL-BILGI;Ders seçiminden sonra dersi bırakma süreci nasıl işler?;Ders seçimini tamamladıktan sonra ders iptali mümkün mü?;Seçtiğim dersi nasıl bırakabilirim?;Tamamlanan ders seçiminden sonra ders bırakma koşulları nelerdir?;Ders seçimi sonrası dersi bırakma işlemi nasıl yapılır?;Ders seçiminden sonra bir dersin bırakılması mümkün mü ve nasıl yapılır?;Ders seçimi yapıldıktan sonra ders bırakılabilir mi, süreç nasıldır?;Seçilen bir ders sonradan bırakılabilir mi, gerekli adımlar nelerdir?;Seçtiğim dersi nasıl iptal edebilirim?;;;;;;;;;;;
36;Kesin kayıt işlemi tamamlanmış bir öğrenci ders materyallerini nereden ve ne zaman görüntüleyebilir;"Öğrenciler AKSİS ""AUZEF Öğrenme Yönetim Sistemi"" ""Derslerim"" alanından dersin üzerine tıklayarak dersin materyallerine ulaşır. Ders materyallerine akademik takvimde ilan edilen eğitim öğretim başlangıç tarihlerinden itibaren  ulaşılır.  
Materyaller içinde Kitap (eKitap), Ünite, Konu Anlatımı(video), Ünite Sunumları, Sorularla Öğrenelim alanları bulunur. ";DERS_MATERYALLERI-DERS_KITABI_EKSIKLIGI_GORUNTULEME_HATASI-DESTEK;Kesin kayıt sonrası ders materyallerine erişim yolları nelerdir?;Kayıt işlemi tamamlandıktan sonra ders malzemeleri ne zaman ve nereden alınabilir?;Kesin kaydı yapılan derslerin materyallerine erişim süreci nasıl işler?;Kayıt tamamlama sonrasında ders materyallerini görüntüleme nasıl yapılır?;Kesin kayıt olan öğrenciler ders materyallerini hangi platform üzerinden ne zaman görebilirler?;Ders kaydı tamamlanmış öğrenciler için materyal erişimi ne zaman sağlanır?;Tam kayıt sonrasında ders içeriklerine ulaşma rehberi nedir?;Kayıt işlemi biten öğrenciler ders dokümanlarını ne zaman ve nasıl inceleyebilirler?;;;;;;;;;;;;
37;Muaf olduğum ve (G) ile tanımlanan derslerim not ortalamamı etkiler mi?;Başarı notları (G) ile takdir edilen beden eğitimi, güzel sanatlar ve benzeri dersler ile muaf (M) olunan dersler, not ortalamaları hesabına katılmaz.;DERS_SECIMI_MUAFIYET-DERS_EKLE_SIL-BILGI;(G) harfi ile belirtilen muafiyet derslerinin not ortalamasına etkisi var mı?;Muaf olduğum dersler ve (G) notu genel ortalamamı nasıl etkiler?;(G) ile işaretlenmiş muaf derslerim akademik ortalamayı değiştirir mi?;Muafiyet alınan (G) notlu dersler, not ortalamasını etkileyip etkilemediği?;(G) notu alan derslerim, genel not ortalamasına dahil edilir mi?;Muaf olduğum ve (G) ile gösterilen dersler, genel akademik performansımı etkiler mi?;(G) harf notuna sahip muaf derslerin, not ortalaması üzerindeki etkisi nedir?;(G) notlu muaf derslerim, genel not ortalamama etki eder mi ve nasıl?;;;;;;;;;;;;
38;MF harf notu ne anlama gelir?;MF harf notlu dersler müfredat dönüşümünde kaldırılmış derslerdir. Öğrenciler bu derslerden sorumlu değildir. MF harf notu bulunan dersler mezuniyet aşamasına gelindiğinde silineceği için toplam AKTS miktarından çıkarılarak hesaplama yapılır.   ;DERS_SECIMI_MUAFIYET-DERS_EKLE_SIL-BILGI;MF harf notunun akademik anlamı nedir?;MF notu öğrenci performansında neyi ifade eder?;MF harfi ile değerlendirilen derslerin anlamı nedir?;MF notu almış bir dersin değerlendirmesi nasıl yapılır?;MF harf notunun öğrenci akademik durumuna etkisi nedir?;MF notu verilen bir dersin öğrenci üzerindeki etkisi ne olur?;MF notu, akademik değerlendirmede nasıl ele alınır?;MF harf notunun eğitim sürecindeki yeri ve önemi nedir?;müfredattan kaldırılmış dersler MF notu ile mi ifade edilir?;;;;;;;;;;;
39;Mezuniyet için gerekli olan AKTS miktarını nasıl hesaplayabilirim?;"Mezuniyet durumunuz için transkript belgenizden, aldığınız derslerin AKTS/Kredi durumunu görüntüleyebilir ve gerekli hesaplamayı yapabilirsiniz.
NOT: Transkriptinizi AKSİS - Not Kartı ekranından görüntüleyebilirsiniz.";MEZUNIYET_STAJ_YAZ_OKULU-MEZUNIYET_BILGILENDIRMESI-BILGI;Mezuniyet için gerekli AKTS puanı hesaplama yöntemi nedir?;Diplomayı alabilmek için kaç AKTS puanı toplamalıyım ve nasıl hesaplarım?;Mezuniyet şartlarındaki AKTS miktarını nasıl bulabilirim?;Gerekli mezuniyet AKTS puanını hesaplamak istiyorum?;Diploma için gereken AKTS puanı nasıl hesaplanır?;Mezuniyet kriteri olarak belirlenen AKTS miktarını öğrenmek istiyorum?;AKTS mezuniyet gereksinimini hesaplama süreci nasıl işler?;Mezun olabilmek için gerekli AKTS miktarının hesaplanması?;;;;;;;;;;;;
40;Hangi koşulları sağlarsam mezun durumuna gelebilirim?;"Öğrencilerimizin mezun durumuna gelebilmeleri için; 
- Tüm dönemlerine ait zorunlu derslerini almış, olması 
- FF harf notuna sahip olmaması. 
- Minimum 2.00 ortalamaya sahip olması. 
- Tamamlamaları gereken AKTS miktarını tamamlamış ya da aşmış olmaları gerekmektedir.";MEZUNIYET_STAJ_YAZ_OKULU-MEZUNIYET_BILGILENDIRMESI-BILGI;Mezuniyet için yerine getirilmesi gereken şartlar nelerdir?;Mezun olabilmek için hangi kriterleri karşılamam gerekir?;Diploma almaya hak kazanmak için gerekli koşullar nelerdir?;Mezuniyet şartlarını nasıl tamamlayabilirim?;Mezun olma kriterleri nelerdir ve nasıl sağlanır?;Diplomayı alabilmek için hangi koşulları yerine getirmem gerekiyor?;Mezuniyet için gerekli olan koşullar nelerdir ve bunları nasıl sağlarım?;Mezun olmak için temel şartlar nelerdir?;Gerekli AKTS yi tamamladım, mezun olmam için başka ne yapmam gerekiyor?;;;;;;;;;;;
41;Hangi koşullarda dönem uzatmış olurum?;"Öğrenciler aşağıdaki şartları sağlayamadıkları taktirde dönem uzatmış olurlar;
- Herhangi bir dönemden eksik (alınmamış) dersinin olması
- Transkripte FF harf notlu ders olması
- AGNO puanının 2.00 ortalamanın altında olması
- Mezuniyet için gerekli toplam AKTS miktarının tamamlanmamış olması";MEZUNIYET_STAJ_YAZ_OKULU-MEZUNIYET_BILGILENDIRMESI-BILGI;Dönem uzatma durumuna ne zaman girilir?;Hangi şartlar altında akademik dönemim uzar?;Dönem uzatma kriterleri nelerdir?;Dönemimi ne zaman ve hangi koşullarda uzatmış sayılırım?;Akademik takvimde dönem uzatma şartları nelerdir?;Dönem uzatma gerektiren durumlar nelerdir?;Eğitim sürecim hangi durumlarda uzar?;Dönem uzatma için karşılanması gereken koşullar nelerdir?;;;;;;;;;;;;
42;Muaf olduğum dersler not ortalamamı (AGNO) etkiler mi?;Başarı notları (G) ile takdir edilen dersler ile muaf (M) olunan dersler, not ortalamaları hesabına katılmaz.;DERS_SECIMI_MUAFIYET-MUAFIYET_MUAFIYET_ITIRAZ_BASVURUSU-BILGI;Muafiyet aldığım dersler AGNO'yu etkiler mi?;Muaf olduğum derslerin not ortalamasına etkisi var mıdır?;Muafiyetlerim genel not ortalamamı nasıl etkiler?;Muaf olduğum derslerin AGNO üzerinde bir etkisi olur mu?;AGNO hesaplamasında muaf dersler dikkate alınır mı?;Muafiyet alınan dersler not ortalamamı değiştirir mi?;Muaf derslerim AGNO hesaplamalarında yer alır mı?;Genel not ortalamasında muaf olduğum derslerin rolü nedir?;;;;;;;;;;;;
43;Tekrar aldığım derslerde AGNO hesaplanırken hangi başarı notu eklenir?;AGNO hesabında, tekrar edilen dersler için en son hesaplanan başarı notu dikkate alınır.;SINAV_HAKKINDA_BILGI-HARF_NOTU_SHB-BILGI;Tekrar edilen derslerde AGNO için hangi notlar kullanılır?;AGNO hesaplamasında tekrar alınan derslerin notları nasıl işlenir?;Birden fazla alınan derslerde en son alınan not mu AGNO'ya eklenir?;Tekrar kurslarında hangi not AGNO'ya dahil edilir?;AGNO hesaplaması için tekrar edilen derslerden hangi notlar alınır?;Tekrar alınan derslerde AGNO'ya hangi notlar yansıtılır?;Birden fazla kez alınan derslerde AGNO hesaplaması için not seçimi nasıl yapılır?;Ders tekrarlarında AGNO'ya etki eden not hangisi olur?;Birden fazla kez alınan derslerde AGNO nasıl hesaplanır?;;;;;;;;;;;
44;Ders materyallerimi görüntüleyemiyorum ne yapmalıyım?;"İlgili dönem için kaydını yapmış/yenilemiş öğrenciler ders materyallerini AKSİS, AUZEF Öğrenme Yönetim Sistemi alanından görüntülemektedir. Derslerin AUZEF Öğrenme Yönetim Sisteminde görüntülenebilmesi için «Kesin Kayıt» ta olması gerekmektedir. Ödeme yapılmaması ya da ödeme yapıldığı halde derslerin «Ders Danışman Onaylandı» veya «Danışman Onay Bekliyor» da kalması durumunda ders seçimi tamamlanmamıştır ve bu durumdaki öğrenciler ilgili dersi göremez ve dersin sınavına giremez. Her durumda ders materyallerini görüntüleyemeyen öğrencilerin ""https://auzefcozum.istanbul.edu.tr/"" buradan talep oluşturması gerekir.";DERS_MATERYALLERI-DERS_KITABI_EKSIKLIGI_GORUNTULEME_HATASI-DESTEK;Ders materyallerine erişim sorunu yaşarsam ne yapmalıyım?;Ders içeriklerini açamıyorum, çözüm yolu nedir?;Ders materyallerini görüntüleme problemi için hangi adımları izlemeliyim?;Ders dokümanlarını görememe durumunda ne yapılmalı?;Ders materyallerine erişememe sorunu için yardım nereden alınır?;Ders materyalleri görüntülenmiyor, bu durumda ne önerirsiniz?;Ders içeriklerine ulaşamıyorum, çözüm için önerileriniz nelerdir?;Ders materyallerini görüntüleme konusunda sorun yaşıyorum, nasıl ilerlemeliyim?;;;;;;;;;;;;
45;Hangi programların diplomaları Sağlık Bakanlığı tarafından tescillenmektedir?;Hemşirelik programının diplomaları Sağlık Bakanlığı tarafından tescillenmektedir. Diplomalar tescillenip hazır hale geldiğinde öğrencilere SMS ile bilgilendirme yapılır. Öğrencilerin diplomalarını kurumumuzdan temin etmeleri gerekmektedir.;MEZUNIYET_STAJ_YAZ_OKULU-MEZUNIYET_BILGILENDIRMESI-BILGI;Sağlık Bakanlığı tarafından tescil edilen programlar hangileridir?;Hangi eğitim programlarının diplomaları Sağlık Bakanlığı onaylıdır?;Sağlık Bakanlığı tescilli diplomalar hangi programlara aittir?;Sağlık Bakanlığı tarafından onaylanan akademik programlar nelerdir?;Sağlık Bakanlığı onayı gerektiren programlar hangileridir?;Sağlık Bakanlığından tescil alınması zorunlu olan programlar nelerdir?;Sağlık Bakanlığı tarafından tescilli diploma veren eğitim programları hangileridir?;Sağlık Bakanlığı onayı alan eğitim programları listesi nerede bulunabilir?;;;;;;;;;;;;
46;FF notum olmamasına rağmen AGNO notum 2.00 dan düşük olduğu için mezun olamıyorum ne yapmalıyım?; DD veya DC harf notlu(Koşullu Başarılı) derslerinizden sınava girerek AGNO notunuzu yükseltebilirsiniz.;MEZUNIYET_STAJ_YAZ_OKULU-MEZUNIYET_BILGILENDIRMESI-BILGI;AGNO 2.00 altında olduğunda mezuniyet için ne gibi adımlar atmalıyım?;AGNO yükseltme yolları nelerdir mezun olabilmek için?;2.00 AGNO barajını geçmek için önerileriniz nelerdir?;AGNO 2.00 altı mezuniyet sorunu için çözüm yolları nelerdir?;Mezun olabilmek için düşük AGNO'yu nasıl yükseltebilirim?;Düşük AGNO ile mezuniyet için ne yapabilirim?;AGNO'mu 2.00'a çekmek için hangi dersleri almalıyım?;AGNO 2.00 altında kaldığında mezuniyet için ne yapılmalı?;FF notum yok ama mezun olamıyorum;;;;;;;;;;;
47;Neden 86 TL fazla para ödüyorum?;"Öğrencilerden Alınacak Katkı Payları ve Öğrenim Ücretlerine ilişkin Cumhurbaşkanlığı Kararı gereği bir yüksek öğretim programında kayıtlı iken ikinci bir üniversite programına kayıt yaptırılması halinde 86 TL'lik katkı payı öğrencinin kendisi tarafından karşılanır. 
Fakültemiz Açık öğretim programlarında öğrenim gören, bütün dönemlerini tamamlayıp dönem uzatan veya alttan dersi kalan öğrencilerin harçlarına 86 TL yansıtılır. Ayrıca YÖK’ün 21/08/2015 tarihli 47944 sayılı yazısına ve 13/07/2016 tarihli duyurusuna istinaden Sağlık Alanında Lisans tamamlama programına kayıt yaptıran öğrencilerden 86 TL katkı payı alınır. (md. 6)";KAYIT_YENILEME_ODEME-ODEME_ISLEMLERI_KY-BILGI;86 TL ek ücretin sebebi nedir?;Ödediğim ekstra 86 TL'nin açıklaması ne olabilir?;86 TL fazladan ödeme yapmamın nedeni nedir?;Ekstra ödediğim 86 TL için hangi mali kalemler sorumlu olabilir?;Fazladan 86 TL ödeme nedenini nasıl öğrenebilirim?;Fazla ödenen 86 TL'nin gerekçesi ne olabilir?;86 TL ek ödeme yapmamın arkasında yatan sebep nedir?;Ekstra ödemem gereken 86 TL'nin nedeni ne olabilir?;"Harç ücretinde neden +86 gözüküyor  
";;;;;;;;;;;
48;Sağlıkta Lisans Tamamlama programında okuyorum neden 86 tl fazla ödüyorum?;YÖK’ün 21/08/2015 tarihli 47944 sayılı yazısına ve 13/07/2016 tarihli duyurusuna istinaden Sağlık Alanında Lisans Tamamlama programına kayıt yaptıran öğrencilerden 86 TL katkı payı alınır.;KAYIT_YENILEME_ODEME-ODEME_ISLEMLERI_KY-BILGI;Sağlıkta Lisans Tamamlama programında ekstra 86 TL ödemenin sebebi nedir?;Sağlıkta Lisans Tamamlama öğrencisiyken fazladan ödediğim 86 TL'nin açıklaması ne?;Sağlıkta Lisans Tamamlama programı için neden ek 86 TL ödemem gerekiyor?;Sağlıkta Lisans Tamamlama'da 86 TL ek ücretin gerekçesi ne olabilir?;Sağlıkta Lisans Tamamlama programında 86 TL fazla ödeme yapmamın nedenleri nelerdir?;Sağlıkta Lisans Tamamlama kursunda ekstra 86 TL ödeme sebebim nedir?;Sağlıkta Lisans Tamamlama'da ödediğim ek 86 TL'nin sebepleri neler olabilir?;Sağlık Lisans Tamamlama programında fazladan ödenen 86 TL'nin açıklanabilir bir nedeni var mı?;;;;;;;;;;;;
49;Öğrenci kimlik kartımı nasıl alabilirim?;"Fakültemizde basılı kimlik kartı verilmemektedir. 
Fakültemizin hedeflediği dijital dönüşüm süreçlerini geliştirmek adına İstanbul Üniversitesi Senatosu kararı ile öğrenci kimlik kartları dijitalleştirilip kare kodlanarak, doğrulanabilir hale getirilmiştir. 
Öğrenciler AKSİS ""AUZEF Öğrenme Yönetim Sistemi""  ""Dijital Kimliğim"" alanına tıklayarak QR kodlu kimliklerine ulaşabilir.";BELGE_TALEBI-OGRENCI_KIMLIK_KARTI-DESTEK;Öğrenci kimlik kartı alma süreci nasıl işler?;Öğrenci kimliğimi nereden ve nasıl temin edebilirim?;Öğrenci kimlik kartımı edinmek için ne yapmalıyım?;Öğrenci kimlik kartı elde etme adımları nelerdir?;Öğrenci kimlik kartımı almak için hangi işlemleri yapmam gerekiyor?;Öğrenci kartımı nasıl ve nereden alırım?;Öğrenci kimlik kartı edinme yöntemleri nelerdir?;"Üniversite öğrenci kartımı almak istiyorum  
";öğrenci kimlik kartı bastırmak istiyorum;;;;;;;;;;;
50;Çocuk Gelişimi ön lisans programından mezun oldum, AUZEF' te Çocuk Gelişimi lisans programı için lisans tamamlama yapabilir miyim?;Çocuk Gelişimi lisans programında lisans tamamlama yapmak isteyen ön lisans mezunu öğrencilerin, programa kayıt olmak için DGS’yle programa kayıt hakkı kazanmış olması gerekmektedir.;YENI_KAYIT-KAYIT_BILGILENDIRMESI-BILGI;Çocuk Gelişimi ön lisans mezunları AUZEF'te lisans tamamlama yapabilir mi?;Ön lisans Çocuk Gelişimi mezunları için AUZEF'teki lisans tamamlama şartları nelerdir?;Çocuk Gelişimi ön lisans mezunu olarak AUZEF lisans programına nasıl geçiş yapabilirim?;AUZEF'te Çocuk Gelişimi lisans tamamlama imkanı var mı ön lisans mezunları için?;Çocuk Gelişimi ön lisans mezunuyum, AUZEF'te lisansı tamamlayabilir miyim?;AUZEF Çocuk Gelişimi lisans tamamlama programına ön lisans mezunları katılabilir mi?;Ön lisans Çocuk Gelişimi bitiren biri olarak AUZEF'te lisans tamamlama şansım var mı?;Çocuk Gelişimi ön lisans mezunuysam AUZEF lisans tamamlama programına girebilir miyim?;;;;;;;;;;;;
51;Çocuk Gelişimi ön lisans programından mezun oldum, AUZEF' te Çocuk Gelişimi lisans programı okurken aldığım derslerden muaf olur muyum?;"Ders muafiyeti; Türk Dili, Yabancı Dil, Atatürk İlkeleri ve İnkılap Tarihi dersleri için uygulanır, daha önce öğrenim görülen yükseköğretim programlarında alınıp, başarılı olunan diğer dersler için muafiyet talebinde bulunulamaz.";YENI_KAYIT-KAYIT_BILGILENDIRMESI-BILGI;AUZEF Çocuk Gelişimi lisansında ön lisans derslerim için muafiyet alabilir miyim?;Çocuk Gelişimi ön lisans mezunu olarak lisans programındaki derslerden muafiyet şansım var mı?;Ön lisans programından mezun olarak lisans derslerinden muaf olma koşulları nelerdir?;Çocuk Gelişimi ön lisans derslerim, lisans programında geçerli olur mu?;Çocuk Gelişimi lisans programına geçişte ön lisans ders muafiyetleri nasıl işler?;AUZEF Çocuk Gelişimi lisans programında ön lisans derslerimden muafiyet alabilir miyim?;Ön lisans derslerimin AUZEF Çocuk Gelişimi lisans programında muafiyeti var mı?;Çocuk Gelişimi ön lisans mezunu olarak lisans programındaki hangi derslerden muaf olurum?;;;;;;;;;;;;
52;Referans numarama ve ödeme işlemlerime nereden ulaşabilirim?;"Referans numaranıza ve ödeme bilgilerinize ""aksis.istanbul.edu.tr""  ""Harç Bilgileri""  alanından ulaşabilirsiniz. Ödemeler Referans numarası ile Halk Bank Şube/ATM’lerinden ya da AKSİS sistemi üzerinden online yapılabilir. 
(Referans numarası olmadan Halk Bank Şube/ATM’lerinden ödeme yapılamaz)";KAYIT_YENILEME_ODEME-ODEME_ISLEMLERI_KY-DESTEK;Ödeme referans numaramı ve işlemlerimi nereden kontrol edebilirim?;Ödeme ve referans numarası bilgilerime erişim sağlama yöntemleri nelerdir?;Referans numaram ve ödeme detaylarıma nasıl ulaşırım?;Ödeme işlemlerim ve referans numarama ulaşmak için hangi adımları takip etmeliyim?;Referans numarası ve ödeme işlemlerine erişebileceğim platformlar nelerdir?;Ödeme işlemleri ve referans numarası sorgulama için nereye bakmalıyım?;Ödeme detaylarım ve referans numaram için hangi kaynakları kullanabilirim?;Referans numaram ve ödeme bilgilerime ulaşma yöntemi nedir?;"Harç ödeyemiyorum nasıl ödeyebilirim?  
";;;;;;;;;;;
53;Gazi, birinci dereceden şehit veya gazi yakınıyım ( Eş ve Çocuklar) ücret muafiyeti için fakülteye hangi evrakları göndermem gerekiyor?;"Gerekli Evraklar: 1- Hak Sahiplik Belgesi: Sosyal Güvenlik Kurumu Başkanlığı veya Sosyal Güvenlik İl Müdürlüklerinden temin edilecek ""Hak Sahiplik Belgesi"" aslı ya da E-Devlet'ten alınan elektronik imzalı hali (Resmi mühürle birlikte kurum yetkilisi tarafından imzalanmamış, şehit/gazinin kimlik bilgilerinin yer almadığı ve kanun kapsamı belirtilmemiş yazılar kabul edilmemektedir), 2- Vukuatlı Aile Nüfus Kayıt Örneği: Şehit/gazinin de kimlik bilgilerinin yer aldığı E-Devlet'ten alınan elektronik imzalı ya da Nüfus Müdürlüklerinden alınan evrak, 3- İndirim/Muafiyet Başvurusu İçin Dilekçe: Başvuran adayın kendisinin doldurduğu talebini belirten ıslak imzalı dilekçe. Ayrıntılı bilgi ve dilekçe örneğine ""https://auzef.istanbul.edu.tr/tr/content/tanimlar-kosullar/ozel-gereksinimli-ogrenciler"" buradan ulaşabilirsiniz.";YENI_KAYIT-EVRAK_ISLEMLERI-DESTEK;Şehit veya gazi yakınları için üniversite ücret muafiyeti başvurusunda gereken belgeler nelerdir?;Gazi ve şehit yakınları üniversite ücret muafiyeti için hangi belgeler lazım?;Ücret muafiyeti almak için gerekli evraklar nelerdir şehit ve gazi yakınları için?;Şehit ve gazi yakınlarının üniversite ücretinden muaf olması için sunması gereken belgeler hangileridir?;Üniversite ücret muafiyeti için şehit gazi yakınlarından istenen evraklar nelerdir?;Gazi ve şehit yakınları ücret muafiyeti için fakülteye hangi belgeleri göndermeli?;Şehit ve gazi yakınlarının üniversite ücret muafiyeti başvurusu için gerekli evraklar nelerdir?;Üniversite ücret muafiyeti için şehit ve gazi yakınları hangi evrakları temin etmeli?;gaziler için ücret muafiyeti nasıl gerçekleşir?;;;;;;;;;;;
54;Öğrenci otomasyon (AKSİS) sistemi nedir, hangi işlemleri bu sistem üzerinden gerkleştirebilirim?;"Öğrenci otomasyon (AKSİS) sistemi öğrencilerin aktif olarak kullanmak zorunda olduğu, kişisel kullanıcı adı(TC numarası) ve şifreleri ile giriş sağladıkları sistemdir. AKSİS otomasyon sisteminde öğrenciler aşağıdaki işlemleri gerçekleştirmektedir. -Ders alma, dönem dersleri ve hocalarının bilgilerini görüntüleme, -Sınav notları ve AGNO, ANO görüntüleme, -Belge talebi, e-imzalı belge talep ve temin etme, -Öğrenim durumlarını(statülerini) takip etme, -Harç bilgileri, kayıt ve kayıt yenileme dönemlerinde borçlandırma takibi ve kredi veya banka kartı ile ödeme işlemini gerçekleştirme, -Öğrenci Özlük bilgileri görüntüleme, -Staj, Kayıt dondurma/Sildirme vb öğrenci başvuru işlemleri."" https://aksis.istanbul.edu.tr""  https://aksis.istanbul.edu.tr";YENI_KAYIT-KAYIT_BILGILENDIRMESI-BILGI;AKSİS öğrenci otomasyon sistemi hakkında bilgi verir misiniz ve hangi işlemleri yapabilirim?;Öğrenci otomasyon sistemi AKSİS ile hangi işlemler gerçekleştirilebilir?;AKSİS sistemini kullanarak hangi öğrenci işlemlerini yapabilirim?;AKSİS öğrenci otomasyon sistemi kullanımı ve işlevleri nelerdir?;AKSİS sistemine nasıl erişirim ve hangi işlemleri yapabilirim?;Öğrenci otomasyon sistemi AKSİS üzerinden yapılabilecek işlemler nelerdir?;AKSİS ile hangi üniversite işlemleri gerçekleştirilebilir?;AKSİS öğrenci otomasyon sistemi ve erişilebilen öğrenci işlemleri hakkında bilgi verir misiniz?;;;;;;;;;;;;
55;AKSİS sisteminden hangi evrakları e imzalı alabilirim?;Öğrenci Belgesi (Türkçe/İngilizce), Transkript Belgesi(Türkçe/İngilizce), Disiplin Cezası Durum Belgesi , Diploma, Ders İçerik Belgesi, Öğrenci Kayıt Yenilemedi ve Öğrenci Durum belgeleri AKSİS' ten e-imzalı olarak alınabilmektedir.;BELGE_TALEBI-DIGER-DESTEK;AKSİS üzerinden e-imzalı hangi belgeleri temin edebilirim?;AKSİS'ten alınabilecek e-imzalı dokümanlar nelerdir?;E-imzalı belge alma işlemi AKSİS'te hangi evraklar için geçerlidir?;AKSİS üzerinden hangi belgeleri e-imzalı olarak indirebilirim?;AKSİS sisteminden temin edilebilecek e-imzalı evraklar hangileridir?;AKSİS'ten e-imzalı olarak hangi öğrenci belgeleri alınabilir?;E-imzalı belgeleri AKSİS sistemi üzerinden nasıl alırım ve hangi belgeler mevcut?;AKSİS sisteminden erişebileceğim e-imzalı dokümanlar nelerdir?;;;;;;;;;;;;
56;Hangi evrakları e-devlet sistemi üzerinden alabilirim?;E-devlet sisteminden Öğrenci Belgesi, Transkript Belgesi ve Mezuniyet Belgeleri alınabilmektedir.;BELGE_TALEBI-DIGER-DESTEK;E-devlet üzerinden hangi belgeleri temin edebilirim?;E-devlet sistemi aracılığıyla alınabilecek evraklar nelerdir?;E-devlet üzerinden erişilebilen belge türleri nelerdir?;E-devlet portalı üzerinden hangi dokümanları indirebilirim?;E-devlet sistemi kullanarak hangi evraklara ulaşabilirim?;E-devletten alabileceğim belge çeşitleri nelerdir?;E-devlet üzerinden hangi resmi belgeleri edinebilirim?;E-devlet portalından hangi evrakları temin etmek mümkündür?;E-devlet sisteminden Öğrenci Belgesi alınır mı?;;;;;;;;;;;
57;Açık öğretim ile uzaktan eğitim programları arasındaki fark nedir?;"Açık öğretim, derslerin bilgisayar vasıtasıyla tamamen sanal ortamda, katılımcının istediği zaman bunları tekrar tekrar izleyebileceği eğitim türüdür. 
Uzaktan Öğretim, derslerin bilgisayar vasıtasıyla tamamen sanal ortamda, canlı derslerle ve interaktif olarak  işlendiği, katılımcının istediği zaman bunları tekrar tekrar izleyebileceği eğitimin adıdır. (Ders hocaları internet üzerinden eş zamanlı ders vermektedir.)
Canlı derslerde devam zorunluluğu bulunmamaktadır.
Açık öğretim programlarında canlı ders bulunmamaktadır.
“AUZEF Uzaktan Eğitim Programlarına ÖSYM sınavları ile öğrenci alımı yapılmaktadır.”";YENI_KAYIT-KAYIT_BILGILENDIRMESI-BILGI;Açık öğretim ve uzaktan eğitim programları arasında ne gibi farklar vardır?;Açık öğretim ile uzaktan eğitim arasındaki temel farklar nelerdir?;Uzaktan eğitim ve açık öğretim programlarının farklı yönleri nelerdir?;Açık öğretim ile uzaktan eğitim sistemleri arasındaki ayrımlar nedir?;Uzaktan eğitim ile açık öğretim arasındaki özgül farklar nelerdir?;Açık öğretim ve uzaktan eğitim karşılaştırılması nasıl yapılır?;Açık öğretim ile uzaktan eğitim eğitim metotları arasında ne tür farklılıklar bulunmaktadır?;Açık öğretim ve uzaktan eğitim kursları arasındaki en belirgin farklar nelerdir?;;;;;;;;;;;;
58;AUZEF 'ten mezun olduğumda diplomamda “açık öğretim” ibaresi olacak mı?;"AUZEF diploma değerinin örgün programların diplomasından bir farkı yoktur; ancak fakülte adı kısmında, “Açık ve Uzaktan Eğitim Fakültesi” ibaresi yer alacaktır. ";MEZUNIYET_STAJ_YAZ_OKULU-MEZUNIYET_BILGILENDIRMESI-BILGI;AUZEF'ten mezuniyet sonrası diplomamda açık öğretim yazısı bulunacak mı?;AUZEF mezuniyeti sonucu alınan diplomada açık öğretim ifadesi yer alır mı?;AUZEF diplomalarında açık öğretim ibaresi mevcut mu?;Mezun olduğumda AUZEF diplomasında açık öğretim etiketi olacak mı?;AUZEF'ten alınan diploma üzerinde açık öğretim tanımı bulunur mu?;AUZEF mezuniyet belgesinde açık öğretim ifadesi yer alacak mı?;AUZEF diplomamda açık öğretim yazısı olup olmayacağını merak ediyorum?;AUZEF'ten aldığım diploma üzerinde açık öğretim kavramı geçer mi?;diplomamda fakülte adı kısmında, “Açık ve Uzaktan Eğitim Fakültesi yazacak mı?;;;;;;;;;;;
59;Diplomamın aynı adlı programın örgün eğitiminden mezun bir öğrencinin diplomasından ne farkı var?;Diplomanızla aynı programın örgün kısmından mezun olan öğrencilerle aynı haklara sahip olursunuz. Hukuki olarak hiçbir hak kaybı yaşamazsınız.;MEZUNIYET_STAJ_YAZ_OKULU-MEZUNIYET_BILGILENDIRMESI-BILGI;AUZEF ve örgün eğitim diplomaları arasındaki farklar nelerdir?;AUZEF ile örgün eğitimden alınan diploma arasında ne gibi ayrımlar vardır?;Aynı programın AUZEF ve örgün eğitim diplomaları arasında fark var mıdır?;AUZEF diploması ile örgün eğitim diplomasının farkları nelerdir?;Örgün eğitimle AUZEF mezuniyet belgesi arasında ne tür farklar bulunmakta?;AUZEF'ten ve örgün eğitimden mezun olunduğunda diploma farklılıkları nelerdir?;Aynı bölümün AUZEF ve örgün eğitim diploması arasında ne farklar vardır?;Örgün eğitim diploması ile AUZEF diploması arasındaki temel ayrımlar nedir?;;;;;;;;;;;;
60;Ders alma (Ders seçimi) nedir neden yapılır?;Ders alma, mezun olabilmek için gerekli kredi sayısını tamamlamak üzere ilgili (Güz, Bahar) dönemlerde yapılan ders seçimi işlemine denir. Güz dönemi dersleri güz döneminde, bahar dönemi dersleri bahar döneminde verilmektedir.;DERS_SECIMI_MUAFIYET-DERS_EKLE_SIL-BILGI;Ders seçimi süreci ve amacı nedir?;Ders alma işlemi ne anlama gelir ve neden önemlidir?;Ders seçimi yapmanın amacı ve süreç hakkında bilgi verir misiniz?;Ders alma ya da ders seçimi nedir ve bu işlem neden gerçekleştirilir?;Ders seçimi işleminin öğrenci eğitimindeki yeri ve önemi nedir?;Neden ders seçimi yapılır ve bu süreç nasıl işler?;Ders alma işlemi nedir ve öğrenciler neden ders seçimi yaparlar?;Ders seçiminin amacı nedir ve bu süreç nasıl yönetilir?;neden ders seçimi yapıyorum?;;;;;;;;;;;
61;Hangi durumlarda alttan ders alabilirim?;Öğrenciler, kalmış olduğu  (FF harf notlu) dersleri ve  koşullu geçmiş olduğu DC – DD harf notlu derslerini notunu yükseltmek için alabilir.  Bunun dışında olan dersler alttan alınamaz.;DERS_SECIMI_MUAFIYET-DERS_EKLE_SIL-BILGI;Alttan ders alma şartları nelerdir?;Ne zaman ve hangi koşullarda alttan ders alabilirim?;Alttan ders alabilme kriterleri nelerdir?;Başarısız olduğum dersleri ne zaman alttan alabilirim?;Alttan ders alma süreci nasıl işler ve gereklilikler nelerdir?;Alttan ders almanın koşulları nelerdir?;Hangi durumlarda ve nasıl alttan derslerimi alabilirim?;Alttan ders almanın şartları ve süreci nedir?;;;;;;;;;;;;
62;AUZEF öğrencisi olarak programımın örgün derslerine girebilir miyim?;AUZEF öğrencilerinin örgün derslerine katılım hakkı bulunmamaktadır.;YENI_KAYIT-KAYIT_BILGILENDIRMESI-BILGI;AUZEF öğrencisiyken örgün eğitim derslerine katılma imkanım var mı?;AUZEF öğrencisi olarak örgün derslere katılım sağlayabilir miyim?;AUZEF'te okurken örgün program derslerine giriş hakkım var mı?;AUZEF öğrencileri örgün derslere katılabilir mi?;AUZEF öğrencisiyim, örgün derslere nasıl katılabilirim?;AUZEF öğrencilerinin örgün eğitim derslerine erişimi mümkün müdür?;AUZEF'ten örgün eğitime ders dinlemek için geçiş yapabilir miyim?;AUZEF'te öğrenim gören bir öğrenci olarak örgün derslere girebilir miyim?;;;;;;;;;;;;
63;Hafta sonları Fakülte öğrencileri için takviye ders yapılıyor mu?; AUZEF' te hafta sonları ayrıca telafi dersleri yapılmamakta olup, kurumumuz sınavlar haricinde hafta sonları resmî tatildedir.;YENI_KAYIT-KAYIT_BILGILENDIRMESI-BILGI;Hafta sonları fakülte tarafından sunulan takviye dersler mevcut mu?;Fakülte öğrencileri için hafta sonu ek dersler düzenleniyor mu?;Hafta sonları öğrencilere yönelik takviye dersler yapılıyor mu?;Fakülte öğrencilerine hafta sonları ek ders imkanı sunuluyor mu?;Hafta sonu fakülte öğrencileri için takviye dersler var mı?;Fakülte tarafından hafta sonları öğrencilere ek dersler veriliyor mu?;Öğrenciler için hafta sonu takviye dersleri düzenlenmekte midir?;Hafta sonları fakülte öğrencilerine yönelik ek dersler sağlanıyor mu?;Cumartesi Pazar Fakülte öğrencileri için takviye ders yapılıyor mu?;;;;;;;;;;;
64;Lisans öğrencisiyim mezun olmam için hangi şartları sağlamalıyım?;Kayıtlı olduğu lisans programında en az 240 AKTS kredilik ders alıp tüm dersleri başarıyla tamamlayan, FF notu olmayan, AGNO’su en az 2,00 olan ve diğer yükümlülükleri yerine getiren öğrenciye, kayıtlı olduğu programın lisans diploması verilir;MEZUNIYET_STAJ_YAZ_OKULU-MEZUNIYET_BILGILENDIRMESI-BILGI;Lisans mezuniyeti için gerekli koşullar nelerdir?;Lisans programından mezun olabilmek için hangi şartları yerine getirmeliyim?;Mezuniyet için lisans öğrencileri ne yapmalı?;Lisans derecesi alabilmek için hangi kriterleri karşılamam gerekiyor?;Lisans programından mezun olmak için gerekli şartlar nedir?;Lisans öğrencisi olarak mezuniyet kriterleri nelerdir?;Lisans öğrencisiyken mezun olmak için ne gibi koşulları sağlamalıyım?;Lisans mezuniyet şartları nelerdir ve nasıl sağlanır?;;;;;;;;;;;;
65;"Lisans öğrencisiyim; ancak ön lisans diploması almak istiyorum diplomamı nasıl kırdırabilirim?";"Meslek yüksekokullarının öğretim planında gösterilen öğrenimi izleyerek derslerin tümünden başarılı olmuş, mezuniyet için gerekli en az 120 AKTS krediyi tamamlamış, AGNO’ su en az 2.00 düzeyinde olan ve ilgili birim tarafından belirlenen bütün çalışmaları tamamlamış öğrenci, koşullu başarılı dersleri olsa dahi öğrenimini bitirmiş sayılır ve ilgili birim yönetim kurulu tarafından mezuniyeti onaylanarak kendisine ilgili birimin ön lisans diploması verilir.
 Lisans öğrenimlerini tamamlamayan veya tamamlayamayan öğrencilere, 18/3/1989 tarihli ve 20112 sayılı Resmi Gazete’ de yayımlanan lisans öğrenimlerini tamamlamayan veya tamamlayamayanların ön lisans diploması almaları veya Meslek Yüksekokullarına İntibakları Hakkında Yönetmelik hükümlerine göre ön lisans diploması verilir. 
• Genel not ortalamasının en az 2,00 olması 
• İlk dört yarıyıldan en az 120 AKTS kredilik ders alınmış olması
 • Atatürk İlkeleri ve İnkılap Tarihi I-II, Yabancı Dil I-II ve Türk Dili I-II derslerinin almış ve derslerden geçilmiş olması gerekmektedir.
Diploma kırdırmak isteyen öğrencilerin fakülteye ıslak imzalı dilekçe ile başvurması gerekmektedir.
Diploma kırdıran öğrenciler diploma kırdırdıkları programda öğrenimlerine devam edemez. Programla ilgili tüm hakları diploma kırdırma ile sona erer.
Alınacak olan diplomada ""Bu diploma alan belirtmemekte sadece ön lisans derecesini belgelemektedir."" ibaresi yer almaktadır";MEZUNIYET_STAJ_YAZ_OKULU-MEZUNIYET_BILGILENDIRMESI-BILGI;Lisans eğitimi alırken ön lisans diploması nasıl alınır?;Lisans öğrencisi olarak ön lisans derecesi alma nasıl olur?;Lisans öğrencisiyken ön lisans diploma işlemi için ne yapmalıyım?;Lisans eğitimim devam ederken ön lisans diplomasını nasıl elde edebilirim?;Ön lisans diploması alabilmek için lisans öğrencisi ne yapmalı?;Lisans öğrencisi olarak ön lisans derecesini alma k istiyorum?;Lisans öğrencisiyken ön lisans diploması almak için ne yapmalı?;Lisans eğitimine devam ederken ön lisans mezuniyeti için ne yapmalıyım?;;;;;;;;;;;;
66;Ön lisans öğrencisiyim mezun olmam için hangi şartları sağlamalıyım?;Kayıtlı olduğu ön lisans programında en az 120 AKTS kredilik ders alıp, tüm dersleri başarıyla tamamlayan, FF notu olmayan, AGNO’su en az 2,00 olan ve diğer yükümlülükleri yerine getiren öğrenciye, kayıtlı olduğu programın ön lisans diploması verilir.;MEZUNIYET_STAJ_YAZ_OKULU-MEZUNIYET_BILGILENDIRMESI-BILGI;Ön lisans programından mezuniyet için gereken koşullar nelerdir?;Ön lisans mezuniyeti için hangi şartları yerine getirmem gerekir?;Mezun olabilmek için ön lisans öğrencileri ne yapmalı?;Ön lisans derecesi alabilmek için hangi kriterleri karşılamam gerekiyor?;Ön lisans programından mezun olmak için gerekli şartlar nedir?;Ön lisans öğrencisi olarak mezuniyet kriterleri nelerdir?;Ön lisans öğrencisiyken mezun olmak için ne gibi koşulları sağlamalıyım?;Ön lisans mezuniyet şartları nelerdir ve nasıl sağlanır?;;;;;;;;;;;;
67;Tıbbi Dokümantasyon ve Sekreterlik programı öğrencisiyim programımızda staj (zorunlu ) uygulaması var mı?;Tıbbi Dokümantasyon ve Sekreterlik programında staj uygulaması bulunmamaktadır. İsteğe bağlı (gönüllü) staj talepleri fakülte kurulunda görüşülmüş ve mevcut koşullar göz önünde bulundurularak staj talebi uygun görülmemiştir.;MEZUNIYET_STAJ_YAZ_OKULU-STAJ_ISLEMLERI-BILGI;Tıbbi Dokümantasyon ve Sekreterlik programında zorunlu staj gerekliliği var mı?;Programımda zorunlu staj yapmam gerekiyor mu?;Tıbbi Dokümantasyon ve Sekreterlik öğrencileri için staj zorunluluğu mevcut mu?;Tıbbi Dokümantasyon ve Sekreterlik Programımın zorunlu staj uygulaması hakkında bilgi alabilir miyim?;Tıbbi Dokümantasyon ve Sekreterlik programı zorunlu staj varlığı nedir?;Tıbbi Dokümantasyon ve Sekreterlik Programımda yer alan zorunlu staj koşulları nelerdir?;Tıbbi Dokümantasyon ve Sekreterlik programı için staj zorunluluğu hakkında bilgilendirme alabilir miyim?;Tıbbi Dokümantasyon ve Sekreterlik öğrencisi olarak zorunlu staj yapmak zorunda mıyım?;;;;;;;;;;;;
68;"Programımda zorunlu stajım yok; ancak  gönüllü (kendi isteği ile) staj yapabilir miyim?";Fakültemizde zorunlu staj uygulaması bulunmayan programlardaki öğrencilerin isteğe bağlı (gönüllü) staj talepleri fakülte kurulunda görüşülmüş ve mevcut koşullar göz önünde bulundurularak staj talebi uygun görülmemiştir.;MEZUNIYET_STAJ_YAZ_OKULU-STAJ_ISLEMLERI-BILGI;Zorunlu staj olmadığı halde gönüllü staj yapma imkanım var mı?;Programımda zorunlu staj gerekliliği olmaksızın gönüllü staj yapabilir miyim?;Zorunlu stajım bulunmuyor, kendi isteğimle staj yapma şansım nedir?;Zorunlu staj şartı olmadan gönüllü staj gerçekleştirebilir miyim?;Programımda zorunlu staj yoksa, kendi isteğime bağlı olarak staj yapma olanağım mevcut mu?;Zorunlu staj gerekliliği olmadan kendi isteğimle staj yapabilir miyim?;Programımda zorunlu staj olmadan gönüllü staj imkanları var mı?;Zorunlu olmayan staj durumunda, gönüllü staj yapma şartları nelerdir?;;;;;;;;;;;;
69;Çocuk Gelişimi Uzaktan Öğretim Ön Lisans programında zorunlu staj var mı?;Çocuk Gelişimi Uzaktan Öğretim Ön Lisans programında zorunlu staj bulunmamaktadır. Ancak kendi ihtiyaç ve istekleri doğrultusunda Çocuk Gelişimi Stajını yapmak isteyen öğrencilerimiz staj takviminde belirtilen başvuru tarihleri arasında staj başvurusu  yapabileceklerdir.;MEZUNIYET_STAJ_YAZ_OKULU-STAJ_ISLEMLERI-BILGI;Çocuk Gelişimi Uzaktan Öğretim Ön Lisans programında staj zorunluluğu bulunuyor mu?;Çocuk Gelişimi ön lisans uzaktan eğitim programı içinde zorunlu staj yapmam gerekiyor mu?;Uzaktan eğitimle okuduğum Çocuk Gelişimi programında zorunlu staj var mı?;Çocuk Gelişimi Uzaktan Öğretim programında staj yapma zorunluluğum var mı?;Çocuk Gelişimi ön lisans uzaktan eğitim öğrencisi olarak staj yapmam gereken bir durum var mı?;Uzaktan eğitim Çocuk Gelişimi programında zorunlu staj uygulaması mevcut mu?;Çocuk Gelişimi Uzaktan Öğretim programında zorunlu bir staj sürecim olacak mı?;Çocuk Gelişimi ön lisans uzaktan öğretimde staj zorunluluğu hakkında bilgi alabilir miyim?;;;;;;;;;;;;
70;Coğrafi Bilgi Sistemleri programı öğrencisiyim zorunlu staj hakkında bilgi almak istiyorum.;"COĞRAFİ BİLGİ SİSTEMLERİ STAJI
Coğrafi Bilgi Sistemleri Uzaktan Öğretim Ön lisans Programı için, 2. sınıfın bahar döneminde (4. yarıyılda) “Coğrafi Bilgi Sistemleri Stajı” bulunmaktadır. Stajın süresi 20 iş günüdür ve değerlendirme notu “Başarılı” ya da “Başarısız” olarak verilmektedir.

Stajın Yapılacağı Alan ve Kurumlar
Stajın Coğrafi Bilgi Sistemleri ile ilgili proje ve/veya çözüm üreten, mimarlık ve mühendislik bürolarında, bilişim firmalarında, planlama ofislerinde, kamu kuruluşlarında (belediyeler, bakanlıkların merkez ve taşra teşkilatları vb.) yapılması gerekmektedir.";MEZUNIYET_STAJ_YAZ_OKULU-STAJ_ISLEMLERI-BILGI;Coğrafi Bilgi Sistemleri programında zorunlu staj gereksinimleri nelerdir?;Coğrafi Bilgi Sistemleri bölümünde zorunlu staj var mı, detayları nelerdir?;Coğrafi Bilgi Sistemleri programı için zorunlu staj uygulaması hakkında bilgi verebilir misiniz?;Coğrafi Bilgi Sistemleri öğrencisi olarak zorunlu stajım hakkında bilgi alabilir miyim?;Coğrafi Bilgi Sistemleri programında zorunlu staj şartları nedir?;Coğrafi Bilgi Sistemleri bölümünde zorunlu stajımı nerede ve nasıl yapabilirim?;Coğrafi Bilgi Sistemleri öğrencileri için zorunlu staj koşulları nelerdir?;Coğrafi Bilgi Sistemleri bölümü zorunlu staj bilgileri nelerdir ve nasıl yerine getirilir?;;;;;;;;;;;;
71;Hemşirelik programı öğrencisiyim programımızda staj ya da uygulama dersi var mı?;"KLİNİK UYGULAMA STAJI
Hemşirelik Açık öğretim Lisans Tamamlama Programı için, 4. sınıfın bahar döneminde (8. yarıyılda) ‘Klinik Uygulama Stajı’ stajı bulunmaktadır. Stajın süresi 20 işgünüdür ve değerlendirme notu “Başarılı” ya da “Başarısız” olarak verilmektedir.

Stajın Yapılacağı Alan ve Kurumlar
İstanbul Üniversitesi Açık Uzaktan Eğitim Fakültesi Hemşirelik Lisans Tamamlama Programına devam eden öğrenciler klinik uygulamalarını, ikamet ettikleri ilde bulunan T.C. Sağlık Bakanlığı Eğitim-Araştırma Hastanesi ya da Üniversite Hastanesi’nin yataklı tedavi biriminde/servisinde yapması zorunludur. İkamet ettikleri ilde belirtilen kurumların bulunmaması durumunda T.C Sağlık Bakanlığı Devlet Hastanesi’nin yataklı tedavi biriminde/servisinde yapabilirler.";MEZUNIYET_STAJ_YAZ_OKULU-STAJ_ISLEMLERI-BILGI;Hemşirelik programında staj veya uygulama dersi gerekliliği mevcut mu?;Hemşirelik öğrencisi olarak staj ya da uygulama derslerine katılmam gerekir mi?;Hemşirelik programında yer alan staj veya pratik ders varlığı nedir?;Hemşirelik bölümünde staj veya uygulama dersi zorunluluğu var mı?;Hemşirelik kursunda staj veya pratik uygulama dersleri bulunuyor mu?;Programımda uygulamalı eğitim veya staj dersi olup olmadığını öğrenmek istiyorum.;Hemşirelik eğitimimde pratik veya staj dersleri yer alıyor mu?;Hemşirelik öğrencisi olarak hangi uygulama veya staj derslerini almalıyım?;;;;;;;;;;;;
72;Endüstri Mühendisliği programı öğrencisiyim staj defterimi en son hangi tarihe kadar göndermem gerekiyor?;"Staj kılavuzunda belirtilen şekilde işlemlerinizi yapmanız gerekmekte olup kılavuzda staj defteri son gönderim tarihi ilgili dönem için belirtilmektedir. Kılavuz ""https://auzef.istanbul.edu.tr/"" https://auzef.istanbul.edu.tr/ de yayınlanmaktadır.";MEZUNIYET_STAJ_YAZ_OKULU-STAJ_ISLEMLERI-BILGI;Endüstri Mühendisliği staj defteri teslim son tarihi nedir?;Endüstri Mühendisliği bölümünde staj raporumu ne zaman teslim etmeliyim?;Staj defterimin son teslim tarihi Endüstri Mühendisliği programı için ne zamandır?;Endüstri Mühendisliği stajımın rapor teslim süresi nedir?;Endüstri Mühendisliği öğrencisi olarak staj defterimi son teslim günü ne zaman?;Staj raporumu en geç ne zaman göndermem gerek Endüstri Mühendisliği için?;Endüstri Mühendisliği staj defteri teslimatı için deadline nedir?;Endüstri Mühendisliği staj raporu tesliminin son günü hangi tarihtir?;;;;;;;;;;;;
73;Çocuk Gelişimi Açık Öğretim Lisans programında staj var mı?;Çocuk Gelişimi Açıköğretim Lisans programında zorunlu staj bulunmamaktadır. Ancak kendi ihtiyaç ve istekleri doğrultusunda Çocuk Gelişimi Stajını yapmak isteyen öğrencilerimiz staj takviminde belirtilen başvuru tarihleri arasında staj başvurusu  yapabileceklerdir.;MEZUNIYET_STAJ_YAZ_OKULU-STAJ_ISLEMLERI-BILGI;Açık Öğretim Çocuk Gelişimi Lisans programında staj zorunluluğu bulunuyor mu?;Çocuk Gelişimi uzaktan eğitim lisansında staj yapma gerekliliği var mı?;Açık Öğretim Lisans programı Çocuk Gelişiminde staj dönemi mevcut mu?;Çocuk Gelişimi Açık Öğretim Lisans öğrencileri için staj şartı var mı?;Uzaktan eğitim Çocuk Gelişimi programında staj uygulaması gerekiyor mu?;Çocuk Gelişimi Lisans programında (Açık Öğretim) staj yapmak zorunlu mu?;Açık Öğretim Çocuk Gelişimi Lisans programı kapsamında staj varlığı nedir?;Çocuk Gelişimi Açık Öğretim programında staj gerekliliği hakkında bilgi verebilir misiniz?;;;;;;;;;;;;
74;Bankacılık ve Sigortacılık programı stajı hakkında bilgi alabilir miyim?;"İŞYERİ UYGULAMASI I
Bankacılık ve Sigortacılık Uzaktan Öğretim Ön lisans Programı için, 1. sınıfın bahar döneminde (2. yarıyılda) “İşyeri Uygulaması I” stajı bulunmaktadır. Stajın süresi 20 iş günüdür ve değerlendirme notu “Başarılı” ya da “Başarısız” olarak verilmektedir.

Stajın Yapılacağı Alan ve Kurumlar
1. Sınıf öğrencilerinin işyeri uygulamalarını (stajlarını) bankalarda yapmaları gerekmektedir.

İŞYERİ UYGULAMASI II
Bankacılık ve Sigortacılık Uzaktan Öğretim Ön lisans Programı için, 2. sınıfın bahar döneminde (4. yarıyılda) “İşyeri Uygulaması II” stajı bulunmaktadır. Stajın süresi 30 iş günüdür ve değerlendirme notu “Başarılı” ya da “Başarısız” olarak verilmektedir.

Stajın Yapılacağı Alan ve Kurumlar
2. sınıf öğrencileri, işyeri uygulamalarını seçtikleri alanlara göre;

Sigortacılık Alanı
Sigorta Branş İşlemleri (Teknik Detaylı)

Bankacılık Alanı
İthalat-İhracat
Krediler
Sigorta Branş İşlemleri (Teknik Detaylı) alanlarında yapmak zorundadır.";MEZUNIYET_STAJ_YAZ_OKULU-STAJ_ISLEMLERI-BILGI;Bankacılık ve Sigortacılık programında staj koşulları nelerdir?;Bankacılık ve Sigortacılık öğrencisi olarak staj yapma şartları nedir?;Bankacılık ve Sigortacılık bölümü staj uygulamaları hakkında bilgi istiyorum.;Bankacılık ve Sigortacılık programındaki staj süreci nasıl işler?;Bankacılık ve Sigortacılık bölümü için staj gereklilikleri nelerdir?;Bankacılık ve Sigortacılık stajı hakkında detaylı bilgi alabilir miyim?;Bankacılık ve Sigortacılık programında staj dönemi nasıl düzenleniyor?;Bankacılık ve Sigortacılık alanında staj yapma zorunluluğu ve şartları nelerdir?;;;;;;;;;;;;
75;Dış Ticaret stajı hakkında bilgi alabilir miyim?;"İŞYERİ UYGULAMASI I 
Dış Ticaret Uzaktan Öğretim Ön Lisans Programı için, 1.sınıfın bahar döneminde (2.Yarıyıl) “İşyeri Uygulaması I” stajı bulunmaktadır. Stajın süresi 20 iş günüdür ve değerlendirme notu “Başarılı” ya da “Başarısız” olarak verilmektedir.

Stajın Yapılacağı Alan ve Kurumlar
Öğrenciler işyeri eğitimlerini;
Firmaların ithalat-İhracat –Dış Ticaret Departmanlarında,
Gümrük Müşavirliklerinde,
Gümrük Müsteşarlığında,
Bankaların Kambiyo Bölümlerinde yapmak zorundadır.

İŞYERİ UYGULAMASI II 
Dış Ticaret Uzaktan Öğretim Ön Lisans Programı için, 2.sınıfın bahar döneminde (4.Yarıyıl) “İşyeri Uygulaması II” stajı bulunmaktadır. Stajın süresi 30 iş günüdür ve değerlendirme notu “Başarılı” ya da “Başarısız” olarak verilmektedir.

Stajın Yapılacağı Alan ve Kurumlar
Öğrenciler işyeri eğitimlerini;
Firmaların ithalat-İhracat –Dış Ticaret Departmanlarında,
Gümrük Müşavirliklerinde,
Gümrük Müsteşarlığında,
Bankaların Kambiyo Bölümlerinde yapmak zorundadır.";MEZUNIYET_STAJ_YAZ_OKULU-STAJ_ISLEMLERI-BILGI;Dış Ticaret programında staj gereklilikleri nelerdir?;Dış Ticaret öğrencisi olarak hangi staj koşullarını sağlamalıyım?;Dış Ticaret bölümü staj uygulamaları hakkında detaylar nedir?;Dış Ticaret programındaki staj süreci hakkında bilgi verebilir misiniz?;Dış Ticaret bölümü için zorunlu staj var mı ve nasıl yapılır?;Dış Ticaret stajı ile ilgili genel bilgiler nelerdir?;Dış Ticaret programında staj yapma düzenlemesi nasıldır?;Dış Ticaret bölümünde staj şartları ve süreci hakkında bilgi almak istiyorum.;;;;;;;;;;;;
76;Stajımı yapmadan mezun olabilir miyim?;"Staj zorunluluğu bulunan programlarda öğrencilerin mezun olabilmesi için stajını yapmış olması gerekmektedir. Bu programlar 
• Hemşirelik (Açık Öğretim Lisans Tamamlama)
• Endüstri Mühendisliği (Uzaktan Eğitim Lisans Tamamlama)
• Coğrafi Bilgi Sistemleri (Uzaktan Eğitim Ön lisans)
• Bankacılık ve Sigortacılık (Uzaktan Eğitim Ön lisans)
• Dış Ticaret Programı (Uzaktan Eğitim Ön lisans)
• İş Sağlığı ve Güvenliği (Açık Öğretim Lisans)
• Laborant ve Veteriner Sağlık (Açık Öğretim Ön lisans)
• Sosyal Hizmet (Açık Öğretim Lisans Tamamlama) dır.";MEZUNIYET_STAJ_YAZ_OKULU-MEZUNIYET_BILGILENDIRMESI-BILGI;Stajsız mezuniyet mümkün müdür?;Staj yapmadan mezun olma şansım var mı?;Stajını tamamlamayan bir öğrenci mezun olabilir mi?;Mezuniyet için stajın tamamlanması zorunlu mu?;Staj yapmaksızın mezuniyet mümkün olabilir mi?;Stajını yapmayan öğrenciler mezun olabilirler mi?;Staj şartını yerine getirmeden diplomayı alabilir miyim?;Staj gerekliliği olmadan mezuniyet elde etmek mümkün mü?;;;;;;;;;;;;
77;Çalıştığım (İş yeri) yerde staj yapabilir miyim?;Çalıştığınız kurumun, kayıtlı olduğunuz programın staj kılavuzunda belirtilen staj yapılabilecek firma, kurum ve kuruluşların koşullarını sağlaması durumunda yapabilirsiniz. Örneğin bankada çalışan öğrencinin Bankacılık stajını yapması, Üretim yapan firmada çalışan öğrencinin Üretim stajını yapması ya da Belediyede çalışan öğrencinin Coğrafi Bilgi Sistemleri stajını yapabilmesi gibi. Öğrenim gördüğü programla ilgili bir işte çalışmış veya çalışmakta olan öğrenciler, çalışma süresi ile unvanlarını belgelendirmek koşulu ile işletmede mesleki eğitim veya staj uygulamasından muaf olmak için başvuruda bulunabilir. Bu durumda ilgili komisyonu başvuruları inceleyerek karar verir. ;MEZUNIYET_STAJ_YAZ_OKULU-STAJ_ISLEMLERI-BILGI;Mevcut iş yerimde stajımı tamamlayabilir miyim?;Çalıştığım yerde staj yapma imkanım var mı?;İş yerim staj yeri olarak kabul edilebilir mi?;Çalıştığım şirkette staj yapmam mümkün mü?;Mevcut iş yerimde staj yapabilir miyim?;Çalışmakta olduğum yerde stajımı gerçekleştirebilir miyim?;Çalıştığım kurumda staj yapma şansım mevcut mu?;Kendi iş yerimde staj yapma imkanım bulunuyor mu?;;;;;;;;;;;;
78;Çalıştığım süre staj olarak sayılır mı?;"Zorunlu stajı bulunan programlarda okuyan öğrenciler, ilgili alanlarda olmak koşulu ile staj muafiyetine başvurabilirler. Staj muafiyet işlemleri ve kılavuzuna ""https://cdn.istanbul.edu.tr/FileHandler2.ashx?f=staj-muafiyet-kilavuzu.pdf"" buradan ulaşabilirsiniz. Zorunlu stajı bulunan programlar: • Hemşirelik (Açık Öğretim Lisans Tamamlama) • Endüstri Mühendisliği (Uzaktan Eğitim Lisans Tamamlama) • Coğrafi Bilgi Sistemleri (Uzaktan Eğitim Ön lisans) • Bankacılık ve Sigortacılık (Uzaktan Eğitim Ön lisans) • Dış Ticaret Programı (Uzaktan Eğitim Ön lisans) • İş Sağlığı ve Güvenliği (Açık Öğretim Lisans) • Laborant ve Veteriner Sağlık (Açık Öğretim Ön lisans) • Sosyal Hizmet (Açık Öğretim Lisans Tamamlama) dir.";MEZUNIYET_STAJ_YAZ_OKULU-STAJ_ISLEMLERI-BILGI;Profesyonel iş deneyimim staj kredisi olarak değerlendirilebilir mi?;Çalışma sürem staj olarak kabul edilir mi?;İş tecrübem staj sayılır mı?;Mevcut çalışma dönemim staj olarak sayılabilir mi?;Çalıştığım zamanlar staj süresi olarak hesaplanır mı?;Profesyonel çalışma sürem staj kapsamında değerlendirilebilir mi?;Çalıştığım dönemler staj olarak dikkate alınabilir mi?;İş deneyimim staj süreci olarak kabul görür mü?;;;;;;;;;;;;
79;Staj yerimi ben mi bulacağım fakülte mi?;"Staj yeri bulma sorumluluğu öğrenciye aittir; ancak staj yerinin uygun olup olmadığına ""Staj Komisyonunca"" karar verilir. ";MEZUNIYET_STAJ_YAZ_OKULU-STAJ_ISLEMLERI-BILGI;Staj yerimi kendim mi seçmeliyim yoksa fakülte mi belirler?;Staj yerimi bulma sorumluluğu bana mı ait yoksa üniversiteye mi?;Staj yerimi seçmek benim mi yoksa fakültenin mi görevi?;Staj yeri seçimi öğrenciye mi yoksa fakülteye mi bırakılmıştır?;Staj yeri bulma işlemi kim tarafından yapılır, öğrenci mi yoksa fakülte mi?;Staj yerimi ben mi bulmalıyım, yoksa bu fakültenin mi bir görevi?;Staj yerimin belirlenmesi konusunda inisiyatif bende mi yoksa fakültede mi?;Staj yeri tespiti öğrencinin mi yoksa fakültenin mi sorumluluğundadır?;;;;;;;;;;;;
80;Hangi programlarda staj uygulaması bulunmaktadır?;"Zorunlu stajı bulunan programlar
• Hemşirelik (Açık Öğretim Lisans Tamamlama) 
• Endüstri Mühendisliği (Uzaktan Eğitim Lisans Tamamlama) 
• Coğrafi Bilgi Sistemleri (Uzaktan Eğitim Ön lisans) 
• Bankacılık ve Sigortacılık (Uzaktan Eğitim Ön lisans) 
• Dış Ticaret Programı (Uzaktan Eğitim Ön lisans) 
• İş Sağlığı ve Güvenliği (Açık Öğretim Lisans) 
• Laborant ve Veteriner Sağlık (Açık Öğretim Ön lisans) 
• Sosyal Hizmet (Açık öğretim Lisans Tamamlama) dir.

İsteğe bağlı stajı bulunan programlar ise 
• Çocuk Gelişimi (Açık Öğretim Lisans)
• Çocuk Gelişimi (Açık Öğretim Ön lisans)
• Çocuk Gelişimi (Uzaktan Eğitim Ön lisans)dir
bu programlar dışındaki programlarda zorunlu veya isteğe bağlı staj bulunmamaktadır.";MEZUNIYET_STAJ_YAZ_OKULU-STAJ_ISLEMLERI-BILGI;Staj uygulaması olan programlar hangileridir?;Hangi bölümlerde staj yapmak gerekiyor?;Staj uygulaması gerektiren programlar nelerdir?;Staj zorunluluğu olan akademik programlar hangileridir?;Staj gerekliliği bulunan bölümler hangileridir?;Hangi programlar staj uygulamasını içerir?;Staj yapılması gereken öğrenim programları hangileridir?;Stajın bir parçası olduğu akademik programlar nelerdir?;zorunlu staj bulunan programlar hangileri?;;;;;;;;;;;
81;Okuduğum programda azami süre kaç yıldır?;"Öğrenciler, öğrenim süresi iki yıl olan ön lisans programlarını azami dört yıl, öğrenim süresi dört yıl olan lisans programlarını azami yedi yıl, içinde tamamlamak zorundadırlar. Azami süreler içinde katkı payı veya öğrenim ücretinin ödenmemesi, kayıt yenilenmemesi nedeniyle öğrencilerin ilişikleri kesilmez; ancak öğrencilik haklarından faydalanamaz. 2547 sayılı Yükseköğretim Kanunun 44 üncü maddesinin (c) fıkrasına göre üst üste dört dönem kayıt yenileme koşullarını yerine getirmeyen öğrencinin ilgili programdan ilişiği kesilir";MEZUNIYET_STAJ_YAZ_OKULU-MEZUNIYET_BILGILENDIRMESI-BILGI;Programımın maksimum bitirme süresi nedir?;Okuduğum bölümün azami eğitim süresi kaç yıl olarak belirlenmiş?;Eğitim programımda belirlenen en uzun süre ne kadardır?;Programımda öğrenim için verilen maksimum yıl sayısı nedir?;Programımın tamamlanması için ayrılan azami süre nedir?;Okuduğum bölümdeki maksimum eğitim süresi kaç yıldır?;Programımı bitirmek için ne kadar sürem var?;Eğitim programımın azami süresi ne kadar olarak ayarlanmıştır?;;;;;;;;;;;;
82;AKSİS Şifremi unuttum/kaybettim, nasıl yeni şifre alabilirim?;"""http://aksis.istanbul.edu.tr/"" http://aksis.istanbul.edu.tr/ adresinden “Şifremi Unuttum” butonuna tıklayarak gerekli alanları doldurunuz. (Şifreniz AKSİS sisteminde kayıtlı olan telefon ya da e-posta adresinize gönderilecektir.)";SISTEMLERE_GIRIS_PROBLEMLERI_BILGI_GUNCELLEME-AKSIS_AKSIS_ISTANBUL_EDU_TR-DESTEK;AKSİS şifremi unuttuğumda yenileme işlemi nasıl yapılır?;Şifremi kaybettim, AKSİS için yeni bir şifre nasıl edinebilirim?;AKSİS şifresi yenileme prosedürü nedir?;Unuttuğum AKSİS şifremi nasıl sıfırlayabilirim?;Kayıp AKSİS şifremi yeniden nasıl alabilirim?;AKSİS şifremi unuttum, yeni bir şifre alma süreci nasıl işler?;Şifremi kaybettim, AKSİS için şifre yenileme adımları nelerdir?;AKSİS giriş şifremi unuttum, yeni şifre oluşturma yolu nedir?;;;;;;;;;;;;
83;Transkript belgemi nasıl alabilirim?;"Transkript belgenizi AKSİS ""Belge Talepleri"" alanından ya da E-devlet sisteminden E-imzalı olarak alabilirsiniz. Ayrıntılı bilgiye ""https://auzef.istanbul.edu.tr/tr/content/ogrenci-islemleri/not-dokumu-(transkript)"" buradan ulaşabilirsiniz.";BELGE_TALEBI-TRANSKRIPT-DESTEK;Transkript belgesini nereden ve nasıl temin edebilirim?;Transkriptimi almak için hangi adımları takip etmeliyim?;Akademik transkript belgesi alma işlemi nasıl yapılır?;Transkript belgesi edinme süreci nedir?;Transkript belgem nasıl ve nereden alınır?;Not dökümü (transkript) belgesini almak için ne yapmalıyım?;Transkript belgesi için başvuru nasıl ve nereye yapılır?;Transkript belgesini almak için gereken prosedür nedir?;not durum belgesi (transkript) nasıl alınır?;;;;;;;;;;;
84;Öğrenci belgemi nasıl alabilirim?;"Statünüz ""Devamlı Öğrenci"" ise Öğrenci belgenizi, AKSİS ""Belge Talepleri"" alanından ve E-devlet sisteminden E-imzalı olarak alabilirsiniz. Ayrıntılı bilgiye ""https://auzef.istanbul.edu.tr/tr/content/ogrenci-islemleri/ogrenci-belgesi"" buradan ulaşabilirsiniz.";BELGE_TALEBI-OGRENCI_BELGESI-DESTEK;Öğrenci belgesi alma işlemi nasıl gerçekleştirilir?;Öğrenci kimlik belgemi nereden ve nasıl temin ederim?;Öğrenci durum belgesini nasıl alabilirim?;Öğrencilik belgemi almak için hangi işlemleri yapmalıyım?;Kayıt belgesi olarak kullanabileceğim öğrenci belgesini nasıl elde edebilirim?;Öğrenci ispat belgesi edinme yöntemleri nelerdir?;Öğrenci belgesi edinmek için başvuru süreci nedir?;Resmi öğrenci belgesini almak için ne yapmam gerekiyor?;;;;;;;;;;;;
85;AUZEF ’te aynı anda iki programa kayıt olabilir miyim?;AUZEF' te aynı anda iki programda okunamamaktadır. Fakülteye kayıt yaptıracak öğrencilerin varsa Fakültedeki önceki kayıtlarını sildirmeleri gerekir. Önceki kayıtlarını sildirmeden, yeni kayıt yaptıran öğrencilerin eski kayıtları hangi yarıyılda veya sınıfta olursa olsun silinir ve yeni kayıtları geçerli sayılır. Bu durumdaki öğrencilerin önceki kayıtlarına ilişkin hakları sona erer.;YENI_KAYIT-KAYIT_BILGILENDIRMESI-BILGI;AUZEF'te birden fazla programa eş zamanlı kaydolma imkanım var mı?;Aynı dönemde AUZEF'teki iki farklı programa kayıt olabilir miyim?;AUZEF'te aynı anda iki farklı akademik programa katılabilir miyim?;İki farklı AUZEF programına eş zamanlı olarak kaydolmak mümkün mü?;AUZEF’te iki programda birden öğrenim görebilir miyim?;AUZEF içinde iki ayrı programa aynı anda nasıl kayıt olunur?;AUZEF'te birden çok programa kayıt olma şansım mevcut mu?;Aynı zamanda AUZEF'in iki farklı programına kaydolma olanağım var mı?;;;;;;;;;;;;
86;İngilizce öğrenci belgesi alabilir miyim?;"İngilizce öğrenci belgenizi AKSİS ""Belge talepleri"" alanından e-imzalı olarak alabilirsiniz. Ayrıntılı bilgiye ""https://auzef.istanbul.edu.tr/tr/content/ogrenci-islemleri/ogrenci-belgesi"" buradan ulaşabilirsiniz.";BELGE_TALEBI-OGRENCI_BELGESI-DESTEK;İngilizce dilinde öğrenci belgesi nasıl temin ederim?;İngilizce öğrenci kimlik belgesini nereden alabilirim?;Öğrencilik durumumu İngilizce olarak belgelemek için ne yapmalıyım?;İngilizce öğrenci belgesi alma süreci nedir?;İngilizce versiyon öğrenci belgesini almak için hangi adımları izlemeliyim?;İngilizce öğrenci belgesi edinme yöntemleri nelerdir?;İngilizce öğrenci belgesi için başvuru nasıl yapılır?;İngilizce olarak öğrenci belgesi alabilir miyim ve prosedür nedir?;;;;;;;;;;;;
87;Yeni kayıt oldum AKSİS kullanıcı adı ve şifremi nasıl alabilirim?;"AUZEF’ e yeni kayıt olduysanız ""http://aksis.istanbul.edu.tr/"" http://aksis.istanbul.edu.tr/ adresinden “Hesap Oluştur” butonunu tıklayarak gerekli alanları doldurunuz. (Kullanıcı adı ve şifreniz e-posta adresine gönderildiği için e-posta adresinizi doğru girdiğinizden emin olunuz.) “Kaydet” butonu tıklandıktan sonra e-posta adresinize kullanıcı adı ve şifre onay linki gönderilecektir. “Kullanıcı Aktifleştirme Bağlantısı”na tıklayarak parolanızı aktifleştiriniz. AKSİS sistemine bu kullanıcı adı ve şifre ile giriş yapabilirsiniz.";YENI_KAYIT-KAYIT_BILGILENDIRMESI-DESTEK;Yeni kaydolduktan sonra AKSİS giriş bilgilerimi nasıl elde ederim?;AKSİS kullanıcı adımı ve şifremi kayıt sonrası nereden alabilirim?;Yeni öğrenci olarak AKSİS erişim bilgilerimi nasıl alırım?;Yeni kayıt için AKSİS login detaylarımı alma süreci nedir?;Yeni üye oldum, AKSİS'e giriş için kullanıcı adım ve şifremi nasıl alırım?;Yeni kayıt olan bir öğrenci olarak AKSİS giriş bilgilerimi almak için ne yapmalıyım?;AKSİS'e ilk defa giriş yapacak yeni öğrenciler kullanıcı bilgilerini nasıl temin edebilir?;Yeni kayıt oldum, AKSİS hesabımın kullanıcı adı ve şifresini nasıl alabilirim?;;;;;;;;;;;;
88;Kayıt yenileme nedir, nasıl yapılır?;Kayıt yenileme, akademik takvimde belirtilen tarihler arasında öğrencinin materyal/öğrenim ücretinin ödemesi ve devamında ders alım işlemlerinin tamamlanması anlamına gelmektedir. Dönem dersi olmayan öğreciler ödeme yapsa dahi ders alım işlemi olmayacağı için kayıt yenilemiş sayılmamaktadır. Detaylı bilgi için ilgili tarihlerde yayınlanan kayıt yenileme kılavuzunu inceleyiniz.;KAYIT_YENILEME_ODEME-KAYIT_YENILEME_ISLEMLERI-BILGI;Kayıt yenileme işlemi hakkında bilgi alabilir miyim?;Kayıt yenileme süreci nasıl işler ve ne yapmalıyım?;Kayıt yenileme ne anlama gelir ve nasıl gerçekleştirilir?;Kayıt yenilemek için gereken adımlar nelerdir?;Öğrencilik kaydımı nasıl yenileyebilirim ve süreç nasıl işler?;Kayıt yenileme prosedürü nedir ve nasıl yapılır?;Kaydımı nasıl yenilerim ve kayıt yenileme işleminin aşamaları nelerdir?;Kayıt yenileme işlemi için ne yapmam gerektiğini öğrenebilir miyim?;;;;;;;;;;;;
89;AUZEF'te ne zaman ve hangi derslerden muafiyet işlemi yapılır?;Muafiyet işlemleri kayıt olunan ilk güz döneminde yapılmaktadır. Sonraki yıllarda/dönemlerde muafiyet yapılmamaktadır. Örn: 2022 girişli bir öğrenci sadece kayıt olduğu 2022 yılı güz döneminde muafiyet için başvurabilir. Muafiyet sadece ortak zorunlu dersler olan Atatürk İlkeleri ve İnkılap Tarihi I II, Türk Dili I II ve Yabancı Dil I II derslerinden yapılmaktadır.;DERS_SECIMI_MUAFIYET-MUAFIYET_MUAFIYET_ITIRAZ_BASVURUSU-BILGI;AUZEF'te ders muafiyeti işlemleri ne zaman ve hangi şartlarda gerçekleştirilir?;Muaf olabileceğim dersler ve muafiyet süreci AUZEF'te nasıl işler?;AUZEF programlarında muafiyet alınabilecek dersler ve zamanlama hakkında bilgi alabilir miyim?;AUZEF'te ders muafiyeti için uygun zaman ve dersler nelerdir?;AUZEF'te hangi derslerden ne zaman muafiyet alabilirim?;Ders muafiyeti işlemleri AUZEF'te nasıl ve ne zaman yapılır?;AUZEF'te ders muafiyet süreçleri ve uygun dersler hangileridir?;AUZEF programlarında muafiyet uygulanan dersler ve bu işlemlerin zamanlaması nedir?;;;;;;;;;;;;
90;AUZEF programlarına kayıt olan öğrenciler kütüphane ve yemekhane imkânlarından yararlanabiliyorlar mı?;"AUZEF programlarına kayıt olan öğrenciler örgün eğitim veren fakültelerin kütüphane ve yemekhane hizmetinden yararlanamaz; ancak isteyen öğrenciler merkez kütüphane hizmetinden yararlanabilir.";YENI_KAYIT-KAYIT_BILGILENDIRMESI-BILGI;AUZEF öğrencileri kütüphane ve yemekhane hizmetlerinden faydalanabilir mi?;AUZEF'te okuyan bir öğrenci olarak kütüphane ve yemekhane kullanımı hakkım var mı?;AUZEF kaydı olan öğrenciler için kütüphane ve yemekhane erişimi mümkün müdür?;AUZEF programlarına kayıtlı öğrenciler üniversitenin kütüphane ve yemekhane olanaklarından yararlanabilirler mi?;AUZEF'te eğitim gören öğrenciler kütüphane ve yemekhane imkanlarından faydalanma şansına sahip mi?;AUZEF öğrencisiyim, kütüphane ve yemekhane kullanımı imkanlarım nelerdir?;AUZEF'e kayıtlı bir öğrenci olarak kütüphane ve yemekhane hizmetlerini kullanabilir miyim?;AUZEF programı öğrencileri için kütüphane ve yemekhane kullanımı mümkün mü ve şartları nelerdir?; kütüphane ve yemekhane kullanımı mümkün mü ve şartları nelerdir?;;;;;;;;;;;
91;AUZEF ’e bağlı Sağlıkta Lisans Tamamlama programlarına nasıl yerleşebilirim?;"Sağlıkta lisans tamamlama programlarına başvuru şartları, tercih ve yerleştirme işlemleri YÖK tarafından yapılmaktadır, Ayrıntılı bilgiye ""http://www.yok.gov.tr/"" buradan ulaşabilirsiniz. Ayrıca sağlıkta lisans tamamlama programlarından olan Acil yardım ve Afet Yönetimi(Açık Öğretim), Sosyal Hizmet(Açık Öğretim) ve Sağlık Yönetimi(Açık Öğretim) programlarına DGS puan türü ile de öğrenci kabul edilmektedir.";YENI_KAYIT-KAYIT_BILGILENDIRMESI-BILGI;AUZEF Sağlıkta Lisans Tamamlama programlarına yerleşme süreci nedir?;Sağlıkta Lisans Tamamlama programlarına giriş için ne yapmalıyım?;AUZEF Sağlıkta Lisans Tamamlama programlarına kabul edilmek için gerekenler nelerdir?;AUZEF'in Sağlıkta Lisans Tamamlama programlarına nasıl başvurabilirim?;AUZEF Sağlık Lisans Tamamlama programlarına yerleşmek için hangi adımları takip etmeliyim?;AUZEF Sağlıkta Lisans Tamamlama programlarına nasıl girebilirim?;AUZEF Sağlıkta Lisans Tamamlama programlarına yerleşebilmek için kriterler nelerdir?;AUZEF'e bağlı Sağlıkta Lisans Tamamlama programlarına katılım için ne yapmam gerekiyor?;;;;;;;;;;;;
92;AUZEF bünyesinde bulunan Sağlık Alanında Lisans Tamamlama (SLT) Programları nelerdir?;"Sağlık Alanında Lisans Tamamlama (SLT)Programları: 
*Acil Yardım ve Afet Yönetimi 
*Hemşirelik 
*Sağlık Yönetimi
*Sosyal Hizmet";YENI_KAYIT-KAYIT_BILGILENDIRMESI-BILGI;AUZEF'te hangi Sağlık Alanında Lisans Tamamlama programları mevcut?;AUZEF'in sunduğu Sağlık Alanında Lisans Tamamlama programları hangileridir?;AUZEF Sağlık Alanında Lisans Tamamlama (SLT) programlarının listesi nedir?;AUZEF tarafından sunulan Sağlıkta Lisans Tamamlama programları nelerdir?;AUZEF bünyesindeki Sağlık Alanında Lisans Tamamlama programları hangileridir?;AUZEF SLT programları içerisinde hangi bölümler bulunmaktadır?;AUZEF Sağlıkta Lisans Tamamlama bölümleri nelerdir?;AUZEF'te sunulan Sağlık Alanında Lisans Tamamlama programları hangileri?;;;;;;;;;;;;
93;Dikey geçiş DGS puan türüyle hangi programlara kayıt yaptırabilirim?;DGS puan türüyle aşağıdaki programlara kayıt olabilirsiniz.*Halkla İlişkiler ve Tanıtım(Uzaktan Öğretim)*Sosyoloji(Açık Öğretim)*İktisat(Açık Öğretim)*İşletme(Açık Öğretim)*Çocuk Gelişimi(Açık Öğretim);YENI_KAYIT-KAYIT_BILGILENDIRMESI-BILGI;DGS puanımla hangi AUZEF programlarına dikey geçiş yapabilirim?;DGS puan türü ile AUZEF'te hangi bölümlere girebilirim?;DGS ile AUZEF programlarına geçiş yapabilir miyim ve hangi bölümler uygun?;DGS puan türümle AUZEF'teki hangi programlara kaydolabilirim?;Dikey Geçiş Sınavı puanımla AUZEF'in hangi programlarına başvurabilirim?;DGS puanı ile AUZEF'te yerleşebileceğim programlar nelerdir?;DGS ile AUZEF'te hangi bölümlere dikey geçiş yapabilirim?;DGS sonuçlarıma göre AUZEF'te kayıt olabileceğim programlar hangileridir?;;;;;;;;;;;;
94;AUZEF’ te nasıl öğrenci (kayıt) olabilirim?;"Aşağıda AUZEF kayıt türleri ve koşulları yer almaktadır. 

YKS sınavı: En az lise veya dengi okul mezunu olacak/olan adaylar YKS' ye girip programa yerleşmesi koşuluyla, 

Dikey Geçiş Sınavı(DGS): Meslek Yüksekokulları ve Açık Öğretim Fakültesinin ön lisans programlarından mezun olacak/olan adaylar DGS' ye girip programa yerleşmesi koşuluyla, 

Yatay Geçiş: Herhangi bir Fakülte/Yüksekokul' da  öğrenci olup Fakültemizde öğrenimine devam etmek isteyen öğrenciler Yatay geçiş ile başvurup programa yerleşmesi koşuluyla,

Sağlıkta Lisans Tamamlama: YÖK ün belirlediği şartları sağlayan, sağlık programlarından mezun olan adaylar ve YÖK tarafından programa yerleşmesi koşuluyla,  

Yabancı Öğrenci Sınavı(YÖS): Yurtdışından veya Yabancı Uyruklu Öğrenci Sınavı girip İstanbul Üniversitesi tarafından  programa yerleşmesi koşuluyla,

Sınavsız İkinci Üniversite: Herhangi bir yükseköğretim programından mezun olanlar ile halen öğrenim gören öğrenciler sınava girmeden Fakültemize başvurarak kayıt olabilirler.

 * Fakültemizden (AUZEF) mezun olanlar Sınavsız İkinci Üniversite ile yeni bir programa başvuru yapabilirler; ancak halen kayıtlı olan öğrenciler sınavsız ikinci üniversiteye başvuru yapamazlar.";YENI_KAYIT-KAYIT_BILGILENDIRMESI-BILGI;AUZEF'e öğrenci olarak kayıt işlemi nasıl yapılır?;AUZEF'te kayıt olma süreci nedir ve neler gereklidir?;AUZEF öğrencisi olmak için ne yapmalıyım?;AUZEF kayıt işlemleri için gereken adımlar nelerdir?;AUZEF'te nasıl öğrenci olunur ve kayıt süreci nasıl işler?;AUZEF'e kaydolmak istiyorum, başvuru süreci nasıl işliyor?;AUZEF'te öğrencilik başvurusu için ne yapmam gerekiyor?;AUZEF kayıt için adım adım ne yapmalıyım?;;;;;;;;;;;;
95;Sınavsız İkinci Üniversite kapsamında kayıtlı öğrenciyim, örgün öğretime geçiş yapabilir miyim?;"İkinci üniversite kapsamında kayıt yaptıran öğrencilerin yatay geçiş hakkı bulunmamaktadır.
Yükseköğretim Kurulu Başkanlığının 16/12/2016 tarih ve 75850160-302.01.06-80321 sayılı yazısı ile “Yükseköğretim Kurumlarında Ön lisans ve Lisans Düzeyindeki Programlar Arasında Geçiş, Çift Anadal Yan Dal ile Kurumlar arası Kredi Transferi Yapılması Esaslarına İlişkin Yönetmelik” kapsamında kurumlararası ve kurum içi yatay geçiş başvurularını kabul sırasında Üniversiteleri Açık ve Uzaktan Eğitim Fakültesinde ikinci üniversite kapsamında öğrenim gören öğrencilerin yatay geçiş başvurusunda bulunup bulunmayacağı konusundaki yazısı 14/12/2016 tarihli Yükseköğretim Yürütme Kurulu toplantısında incelenmiş ve söz konusu talep uygun görülmemiştir. Bu nedenle İkinci üniversite kapsamında kayıt yaptıran öğrencilerin yatay geçiş hakkı bulunmamaktadır.";YENI_KAYIT-YATAY_GECIS-BILGI;Sınavsız İkinci Üniversite programından örgün eğitime geçiş yapma imkanım var mı?;Sınavsız İkinci Üniversite olarak kayıtlıyken örgün eğitime nasıl geçebilirim?;Sınavsız İkinci Üniversite öğrencisiyken örgün öğretime geçiş mümkün mü?;Sınavsız İkinci Üniversite'den örgün eğitime geçiş şartları nelerdir?;Sınavsız İkinci Üniversite'de okurken örgün eğitime geçmek için ne yapmalıyım?;Sınavsız İkinci Üniversite'den örgün öğretime geçebilir miyim ve nasıl?;Sınavsız İkinci Üniversite kaydımla örgün lisans programına geçiş yapabilir miyim?;Sınavsız İkinci Üniversite programı öğrencisi olarak örgün eğitim programlarına geçiş yapma olanağım nedir?;;;;;;;;;;;;
96;DGS kapsamında kayıt oldum muafiyet başvurusu yapabilir miyim?;AUZEF' te sadece ortak zorunlu derslerden muafiyet yapılmaktadır. Bu sebeple DGS kapsamında kayıt olan öğrenciler, bu dersleri tekrar almadığından muafiyet başvurusu yapması gerekmemektedir.;DERS_SECIMI_MUAFIYET-MUAFIYET_MUAFIYET_ITIRAZ_BASVURUSU-BILGI;DGS ile kaydolan bir öğrenci olarak muafiyet başvurusunda bulunabilir miyim?;Dikey Geçiş Sınavı sonucuyla kayıt olduktan sonra muafiyet talebinde bulunma imkanım var mı?;DGS sonrası kayıt için muafiyet başvurusu yapma şartları nelerdir?;DGS üzerinden kaydımı yaptırdım, ders muafiyeti için nasıl başvurabilirim?;DGS ile üniversiteye geçiş yapan bir öğrenci muafiyet hakkını nasıl kullanabilir?;DGS kaydı sonrasında muafiyet için gerekli adımlar nelerdir?;DGS ile yerleştim, muaf olabileceğim dersler için ne yapmalıyım?;DGS ile giriş yaptığım programda muafiyet başvurusu mümkün mü ve nasıl yapılır?;dikey geçiş kapsamında kayıt oldum muafiyet başvurusu yapabilir miyim?;;;;;;;;;;;
97;Sağlıkta Lisans Tamamlama kapsamında kayıt oldum muafiyet başvurusu yapabilir miyim?;AUZEF' te sadece ortak zorunlu derslerden muafiyet yapılmaktadır. Bu sebeple Sağlıkta Lisans Tamamlama kapsamında kayıt olan öğrenciler, bu dersleri tekrar almadığından muafiyet başvurusu yapması gerekmemektedir.;DERS_SECIMI_MUAFIYET-MUAFIYET_MUAFIYET_ITIRAZ_BASVURUSU-BILGI;Sağlıkta Lisans Tamamlama programına kayıt olan bir öğrenci muafiyet isteyebilir mi?;Sağlık Alanında Lisans Tamamlama programı için kaydolduktan sonra ders muafiyeti başvurusu yapılabilir mi?;Sağlıkta Lisans Tamamlama kaydı sonrası muafiyet talep etme süreci nedir?;Sağlıkta Lisans Tamamlama programında muafiyet başvurusu için gerekenler nelerdir?;Kaydolduğum Sağlıkta Lisans Tamamlama programında derslerden muaf olabilir miyim?;Sağlıkta Lisans Tamamlama öğrencisiyim, muafiyet hakkımı nasıl kullanırım?;Sağlıkta Lisans Tamamlama programı için muafiyet başvurusu nasıl yapılır?;Sağlık Alanında Lisans Tamamlama programına kaydımı yaptırdım, muafiyet için ne yapmam gerekir?;;;;;;;;;;;;
98;Dikey Geçiş (DGS) kayıt türü nedir?;Meslek Yüksekokulları ve Açık öğretim Fakültesi ön lisans programı mezunlarından lisans öğrenimine devam etmek isteyenler dikey geçişle AUZEF’ e kayıt yaptırabilmektedirler. Meslek Yüksekokulları ve Açık Öğretim Fakültesi ön lisans programları son sınıf öğrencileri ve mezunlarının, örgün ve açık öğretim lisans programlarına dikey geçiş yapmaları ile ilgili sınav ve yerleştirme işlemleri Ölçme Seçme ve Yerleştirme Merkezi (ÖSYM) tarafından yürütülmektedir.;YENI_KAYIT-KAYIT_BILGILENDIRMESI-BILGI;Dikey Geçiş (DGS) kaydı hakkında genel bilgi nedir?;DGS kayıt türüyle üniversiteye geçiş nasıl bir süreçtir?;DGS ile üniversite kaydı yapmak istiyorum;Dikey Geçiş ile Açık öğretime kaydolabilir miyim?;DGS kayıt türü kapsamında üniversiteye nasıl kaydolunur?;DGS ile yapılan üniversite kayıtları hakkında bilgi verir misiniz?;Dikey Geçiş Sınavı ile kayıt olmanın avantajları nelerdir?;DGS kayıt türü üniversiteye nasıl bir geçiş imkanı sunar?;dgs ile Açık öğretime kaydolabilir miyim?;;;;;;;;;;;
99;AUZEF’ te seçmeli ders uygulaması var mı?;AUZEF programlarında seçmeli ders uygulaması bulunmamaktadır. Bütün dersler zorunludur.;YENI_KAYIT-KAYIT_BILGILENDIRMESI-BILGI;AUZEF'te seçmeli ders almak mümkün müdür?;AUZEF programlarında seçmeli ders seçimi yapılabilir mi?;AUZEF öğrencileri için seçmeli ders alma imkanı var mı?;AUZEF'te seçmeli dersler nasıl işliyor?;AUZEF eğitim programlarında seçmeli ders seçimi mevcut mu?;AUZEF'te öğrencilere seçmeli ders alma opsiyonu sunuluyor mu?;AUZEF'te seçmeli ders uygulaması bulunuyor mu, nasıl işler?;AUZEF programlarında seçmeli ders alma süreci nedir?;AUZEF seçmeli ders var mı?;;;;;;;;;;;
100;Açık öğretim sisteminden örgüne yatay geçiş yapabilir miyim?;Açık ve uzaktan öğretimden örgün öğretim programlarına geçiş yapılabilmektedir. “Yükseköğretim Kurumlarında Ön lisans ve Lisans Düzeyindeki Programlar Arasında Geçiş, Çift Anadal, Yan Dal ile Kurumlar Arası Kredi Transferi Yapılması Esaslarına İlişkin Yönetmelik” in 6/4 maddesinde “Açık veya uzaktan öğretimden diğer açık veya uzaktan öğretim diploma programlarına yatay geçiş yapılabilir. Açık ve uzaktan öğretimden örgün öğretim programlarına geçiş yapılabilmesi için, öğrencinin öğrenim görmekte olduğu programdaki genel not ortalamasının 100 üzerinden 80 veya üzeri olması veya kayıt olduğu yıldaki merkezi yerleştirme puanının, geçmek istediği üniversitenin diploma programının o yılki taban puanına eşit veya yüksek olması gerekir” denilmektedir. Sınavsız İkinci Üniversite kapsamında kayıt yaptırmış olan öğrenciler yatay geçiş yapamazlar. Yatay geçiş ile ilgili diğer koşulların geçiş yapılacak ilgili üniversiteden öğrenilmesi gerekmektedir.;YENI_KAYIT-YATAY_GECIS-BILGI;Açık öğretimden örgün eğitime yatay geçiş mümkün mü?;Açık öğretim öğrencisi olarak örgün eğitime geçiş yapabilir miyim?;Açık öğretimden örgün öğretime geçiş için gerekenler nelerdir?;Açık öğretim sisteminden örgün eğitime geçmek mümkün müdür?;Açık öğretimden örgüne geçiş yapma imkanım var mı?;Açık öğretim öğrencisiyken örgün programa yatay geçiş yapılabilir mi?;Açık öğretimde okurken örgün eğitime geçebilir miyim ve nasıl?;Açık öğretimden örgün eğitime geçiş süreci nasıl işler?;;;;;;;;;;;;
101;AUZEF' te yüksek lisans programı var mı?;AUZEF' te  yüksek lisans programı bulunmamaktadır. ;YENI_KAYIT-KAYIT_BILGILENDIRMESI-BILGI;AUZEF bünyesinde yüksek lisans eğitimi sunuluyor mu?;AUZEF'te sunulan yüksek lisans programları mevcut mu?;AUZEF tarafından yüksek lisans programları var mıdır?;AUZEF'te yüksek lisans eğitim olanakları sunulmakta mı?;AUZEF'de yüksek lisans yapma imkanı bulunuyor mu?;AUZEF bünyesinde herhangi bir yüksek lisans programı yer almakta mı?;AUZEF'de yüksek lisans düzeyinde eğitimler sunuluyor mu?;AUZEF yüksek lisans programlarına sahip mi, eğitimler nelerdir?;;;;;;;;;;;;
102;AUZEF'te eğitim dili nedir? İngilizce programlar var mı?;AUZEF' te eğitim dili Türkçedir, eğitim dili İngilizce olan program bulunmamaktadır.;YENI_KAYIT-KAYIT_BILGILENDIRMESI-BILGI;AUZEF'teki eğitim dili ve İngilizce olarak sunulan programlar nelerdir?;AUZEF eğitim dili hakkında bilgi verir misiniz? İngilizce eğitim veren bölümler var mı?;AUZEF'te dersler hangi dilde işlenir, İngilizce program seçenekleri mevcut mu?;AUZEF eğitim dili nedir ve İngilizce eğitim sunan programlar hangileridir?;AUZEF'te eğitim dilinin yanı sıra İngilizce olarak sunulan herhangi bir program var mı?;AUZEF'te eğitim dili ve varsa İngilizce eğitim veren bölümler nelerdir?;AUZEF eğitimlerinde kullanılan dil nedir ve İngilizce eğitim olanakları sunuluyor mu?;AUZEF'te hangi dilde eğitim alınır, İngilizce öğrenim imkanları var mıdır?;AUZEF'te ingilizce programlar var mı?;;;;;;;;;;;
103;Materyal ücreti yıllık mı yoksa dönemlik mi yatırılır?;Materyal ücreti güz ve bahar dönemi olmak üzere yılda iki kez ödenmektedir.;YENI_KAYIT-KAYIT_BILGILENDIRMESI-BILGI;Materyal ücretleri yıllık olarak mı yoksa her dönem için mi ödenir?;Eğitim materyalleri için ödeme dönemsel mi yoksa yıllık mı yapılır?;Materyal ücretlerinin ödemesi nasıl gerçekleştirilir, dönemlik mi yıllık mı?;AUZEF materyal ücretleri için ödeme planı dönemlik midir yoksa yıllık mıdır?;Materyal ücret ödemeleri her dönem mi yapılır yoksa yıllık mıdır?;Materyal ücreti ödemeleri dönem bazında mı yoksa yıl bazında mı toplanır?;Ders materyalleri için ödeme yaparken yıllık mı yoksa her dönem mi hesaplanır?;Materyal ödemeleri dönemsel olarak mı yoksa yıllık olarak mı yapılır?;;;;;;;;;;;;
104;Referans numarası nedir, ne işe yarar?;Referans numarası, materyal ücretinin yatırabilmesi için sistem tarafından öğrencinin ilgili kaydına tanımlanmış kişiye özgü numaradır. Öğrenci dönemlik materyal ücretini Halk bankası ATM/Şubelerinden bu numaraya yatırır ya da AKSİS üzerinden sanal pos ise ödemesini gerçekleştirir.;YENI_KAYIT-ODEME_ISLEMLERI_YK-DESTEK;Referans numarasının tanımı ve kullanım amacı nedir?;Referans numarası ne anlama gelir ve nasıl kullanılır?;Ödeme işlemleri için verilen referans numarası nedir?;Referans numarası hakkında bilgi alabilir miyim, ne işe yarar?;Referans numarası ne için kullanılır?;Referans numarasının işlevi nedir ve neden gereklidir?;Öğrenci işlemlerinde referans numarası ne işe yarar?;Referans numarası nedir ve öğrenci olarak bana nasıl bir kolaylık sağlar?;;;;;;;;;;;;
105;Ön kayıt yaptırdıktan sonra öğrenci belgesi alabilir miyim?;"Ön kayıt yaptırdıktan hemen sonra öğrenci belgesi alamazsınız, öğrenci belgesi almak için kayıt işlemlerinin tamamlanması ve statünüzün ""Devamlı Öğrenci"" olması gerekmektedir.";YENI_KAYIT-KAYIT_BILGILENDIRMESI-BILGI;Ön kayıt sonrası öğrenci belgesi alma imkanım var mı?;Ön kayıttan sonra öğrenci kimlik belgesini nasıl alırım?;Ön kaydımı yaptırdıktan sonra öğrencilik durumumu belgeleyebilir miyim?;Ön kayıt işleminden sonra öğrenci belgesini alma süreci nasıl işler?;Ön kayıt tamamlandıktan sonra öğrenci belgesi edinme şansım nedir?;Ön kayıt sonrasında öğrenci belgesi almak için ne yapmam gerekir?;Ön kayıt işlemlerim bittikten sonra öğrenci belgesini nasıl temin edebilirim?;Ön kayıt sonrası öğrenci statüsünü gösteren belgeyi nasıl ve nereden alabilirim?;;;;;;;;;;;;
106;Açık öğretim sistemindeki programlardan mezun olanlar Sınavsız İkinci Üniversite kapsamında kayıt yaptırabilirler mi?;YÖK'e bağlı herhangi bir üniversiteden mezun olmak ya da bu üniversitelerde öğrenciliği devam edenler ile yurtdışından mezun olup YÖK'ten denklik alan herkes Sınavsız İkinci Üniversite kapsamında Fakültemize kayıt olabilir.;YENI_KAYIT-KAYIT_BILGILENDIRMESI-BILGI;Açık öğretim mezunları için Sınavsız İkinci Üniversite kaydı mümkün müdür?;Açık öğretimden mezun olan biri Sınavsız İkinci Üniversite programına kaydolabilir mi?;Açık öğretim sisteminden mezun olanlar Sınavsız İkinci Üniversiteye nasıl kayıt olabilirler?;Açık öğretim mezunları Sınavsız İkinci Üniversite programlarına başvurabilir mi?;Açık öğretimden mezun olup Sınavsız İkinci Üniversiteye kayıt şansım var mı?;Açık öğretim diploması ile Sınavsız İkinci Üniversite kaydı yapılabilir mi?;Açık öğretim mezunu olarak Sınavsız İkinci Üniversite programlarına giriş imkanım nedir?;Açık öğretim sisteminden mezun olan bir öğrenci Sınavsız İkinci Üniversite imkanından yararlanabilir mi?;;;;;;;;;;;;
107;Kayıt yenilemediğim takdirde borçlandırma yapılıyor mu?;"Kayıt yenileme döneminde statüsü ""Kayıt Yenilemedi"" olan tüm öğrenciler için borçlandırma yapılır. Öğrenciler sadece okuyacakları(okudukları) dönemin harcını ödemektedir. Kayıt yenileme yapılmayan dönemin borcu öğrenciden talep edilmez, sonraki dönemlere aktarılmaz.";KAYIT_YENILEME_ODEME-ODEME_ISLEMLERI_KY-BILGI;Kayıt yenileme işlemi yapmazsam borçlanma durumu oluşur mu?;Kaydımı yenilemezsem üzerime borç yüklenir mi?;Kayıt yenilemeyi atladığım zaman borçlanır mıyım?;Kayıt yenileme yapmazsam borçlandırılır mıyım?;Kayıt yenilememe durumunda borçlanma işlemi uygulanır mı?;Kayıt yenilemeyince oluşacak borç durumu nedir?;Kayıt yenileme dönemini kaçırdığımda borçlanma olup olmadığını nasıl anlarım?;Kaydımı yenilemediğimde karşılaşacağım borçlandırma süreci var mıdır?;;;;;;;;;;;;
108;Ödeme yaptığımı sistemden nasıl görebilirim?;"Öğrenciler ödeme durumlarını AKSİS "" Harç Bilgileri"" alanından görüntüleyebilir. Ödeme yapılması durumunda sistemde borç ‘0’ olarak görünecektir.";KAYIT_YENILEME_ODEME-ODEME_ISLEMLERI_KY-DESTEK;Yaptığım ödemenin sistemde görünüp görünmediğini nasıl kontrol ederim?;Ödeme işlemimin kaydını sistem üzerinden nasıl görebilirim?;Yaptığım ödeme sisteme yansıdı mı, nasıl anlayabilirim?;Gerçekleştirdiğim ödemenin sisteme işlenip işlenmediğini nereden öğrenebilirim?;Ödememi gerçekleştirdim, sistemdeki durumunu nasıl kontrol edebilirim?;Yaptığım ödemenin sisteme kaydı nasıl teyit edilir?;Ödeme bilgilerimi sistemde nasıl sorgulayabilirim?;Ödeme yaptıktan sonra bunun sistemdeki kaydını nasıl görebilirim?;;;;;;;;;;;;
109;Ödememi yaptığım halde sistemde borcum görünüyor, ne yapabilirim?;Talep veya dilekçe oluşturarak ödeme yaptığına dair dekontu Fakülteye iletmesi gerekmektedir. Bu durumda gerekli kontroller sağlanıp öğrenciye dönüş yapılmaktadır.;KAYIT_YENILEME_ODEME-ODEME_ISLEMLERI_KY-DESTEK;Ödeme gerçekleştirmeme rağmen sistemde hala borç gözüküyor, bu durumu nasıl çözebilirim?;Ödememi tamamlamama rağmen sistemde borç olarak görünüyor, çözümü nedir?;Yaptığım ödeme sisteme yansımamış gözüküyor, bu sorunu nasıl giderebilirim?;Ödeme yaptım ancak sistemde hala borçlu gözüküyorum, ne yapmam gerekir?;Ödeme işlemim gerçekleşti fakat sistemde borcum görünüyor, nasıl düzeltebilirim?;Ödeme yaptım ama sistemde borç gözüküyor, bu durumda hangi adımları takip etmeliyim?;Ödememi gerçekleştirdim ancak sistemde borçlu görünüyorum, bu sorunu nasıl çözerim?;Ödeme işlemi sonrasında hala borç görünmesi sorununu nasıl çözebilirim?;;;;;;;;;;;;
110;Okumadığım dönemin ücretini gelecek dönemde ödemek zorunda mıyım?;Okumadığınız dönemin ücretini gelecek dönemlerde ödemeniz gerekmez. Kayıt yenilemediğiniz döneme ait borçlandırma dönem sonunda sıfırlanır.;KAYIT_YENILEME_ODEME-ODEME_ISLEMLERI_KY-BILGI;Bir dönem eğitime katılmadıysam o dönemin ücretini sonradan ödemem gerekiyor mu?;Ders almadığım bir dönem için ücret ödemem gerekir mi?;Katılmadığım dönemin ücretini gelecek dönemlerde ödemek zorunda mıyım?;Eğitim almadığım bir dönemin ödemesini yapmam gerekiyor mu?;Okumadığım bir dönemin ücret yükümlülüğü bana ait mi?;Eğitime ara verdiğim dönemlerin ücretini ödemekle yükümlü müyüm?;Katılmadığım bir dönemin öğrenim ücretini ödemek zorunda kalır mıyım?;Ders almadığım bir dönemin ücretini sonradan ödemem gerekir mi ve nasıl işler bu süreç?;;;;;;;;;;;;
111;Kayıt yenilemediğim takdirde öğrencilik haklarımdan faydalanabilir miyim?;Kayıt yenilemeyen öğrencilerin öğrencilik haklarından faydalanmaları mümkün değildir.;KAYIT_YENILEME_ODEME-KAYIT_YENILEME_ISLEMLERI-BILGI;Kayıt yenileme yapmazsam öğrencilik haklarımı kullanmaya devam edebilir miyim?;Kaydımı yenilemediğim zaman öğrencilik avantajlarından yararlanabilir miyim?;Kayıt yenileme işlemi gerçekleştirmediğimde öğrencilik haklarım etkilenir mi?;Kayıt yenileme yapmadığım dönemlerde öğrencilik haklarımdan mahrum kalır mıyım?;Kayıt yenilemediğim süreçte öğrencilik imkanlarından faydalanmam mümkün mü?;Kaydımı yenilemezsem öğrencilik statüsüyle sağlanan haklardan yararlanabilir miyim?;Kayıt yenileme işlemi yapmadığım zamanlarda öğrencilik avantajlarını kullanabilir miyim?;Kaydımı yenilemediğim dönemlerde öğrenci haklarından faydalanma şansım var mı?;;;;;;;;;;;;
112;Öğrenci durum belgesi nedir ne işe yarar?;Öğrenci durum belgesi, kayıt yenilemeyen öğrencilerin fakültemizde öğrenciliğinin pasif statüde devam ettiğini gösteren evraktır.;BELGE_TALEBI-OGRENCI_DURUM_BELGESI-DESTEK;Öğrenci durum belgesinin tanımı ve kullanım amaçları nelerdir?;Öğrenci durum belgesi ne işe yarar?;Öğrenci durum belgesi nedir ve hangi durumlarda kullanılır?;Öğrenci belgesinin kullanımı nedir?;Öğrenci durum belgesi ne işe yarar ve nerede talep edilir?;Öğrenci durum belgesinin öğrencilere sağladığı avantajlar nelerdir?;Öğrenci durum belgesi nedir ve bu belgeyle neler yapılabilir?;Öğrenci durum belgesi ne amaçla kullanılır?;;;;;;;;;;;;
113;Kayıt yenilemediğim takdirde askerlik tecilim bozulur mu?;Sınavsız İkinci Üniversite kapsamında veya daha önceden aynı ya da üst düzeyde öğrenim alıp tekrardan yerleştirilme sonucu kayıt yaptıran öğrencilerimiz haricindeki öğrencilerin tecil işlemleri mezuniyetine ya da Fakültemizdeki ilişiği devam ettiği sürece 28 yaşına kadar yapılmaktadır.;KAYIT_YENILEME_ODEME-KAYIT_YENILEME_ISLEMLERI-BILGI;Kaydımı yenilemezsem askerlik durumum etkilenir mi, tecilim bozulabilir mi?;Kayıt yenileme işlemi yapmadığımda askerlik tecilimde bir değişiklik olur mu?;Kayıt yenilemediğim zaman askerlik tecilimin iptal olup olmayacağını merak ediyorum.;Kayıt yenileme yapmazsam mevcut askerlik tecilim bozulur mu?;Kaydımı yenilemediğimde askerlik tecilimle ilgili bir sorun yaşar mıyım?;Kayıt yenileme işlemi gerçekleştirmediğim takdirde askerlik tecilim iptal olabilir mi?;Kayıt yenileme yapmadığım dönemlerde askerlik tecilimin durumu ne olur?;Öğrencilik kaydımı yenilemezsem askerlik tecil durumum üzerinde olumsuz bir etkisi olur mu?;;;;;;;;;;;;
114;Kayıt yenilemediğim dönemin sınavlarına girebilir miyim?;Kayıt yenilemediğiniz takdirde pasif öğrenci konumunda olacağınızdan, sınavlara ve derslere giriş yapamazsınız. ;KAYIT_YENILEME_ODEME-KAYIT_YENILEME_ISLEMLERI-BILGI;Kayıt yenileme işlemi yapmadığım bir dönemde sınavlara katılma hakkım olur mu?;Kaydımı yenilemediğimde o dönemin sınavlarına girmem mümkün mü?;Kayıt yenilemediğim bir dönemin sınavlarına katılım sağlayabilir miyim?;Kaydımı yenilemediğim zamanlarda dönem sınavlarına girebilir miyim?;Kayıt yenileme işlemi yapmadığım dönemlerde sınavlara girebilir miyim?;Kayıt yenilemediğim dönemlerde sınav haklarımı kullanabilir miyim?;Kayıt yenileme gerçekleştirmeden dönem sınavlarına katılma imkanım var mı?;Kaydımı yenilemediğim dönemde yapılacak sınavlara giriş yapabilir miyim?;;;;;;;;;;;;
115;"Kayıt yenilemeden ""AUZEF Öğrenme Yönetim Sisteminden"" dersleri takip edebilir miyim?";"Kayıt yenilemediğiniz takdirde pasif öğrenci konumunda olacağınızdan,  ""AUZEF Öğrenme Yönetim Sisteminde"" ders materyali görüntüleyemezsiniz. Kayıt yenilemeyen öğrencilerin ilgili dönem dersleri seçilmediğinden ders materyalleri sayfasında yer almaz. Sistemde sadece AKSİS' te ilgili dönem için seçilen dersler görüntülenmektedir.";KAYIT_YENILEME_ODEME-KAYIT_YENILEME_ISLEMLERI-BILGI;Kaydımı yenilemeden AUZEF'in Öğrenme Yönetim Sistemine erişim sağlayabilir miyim?;Kayıt yenileme işlemi yapmadan AUZEF ders içeriklerini online olarak inceleyebilir miyim?;Kayıt yenilemesi yapmaksızın AUZEF Öğrenme Yönetim Sistemi üzerinden ders takibi mümkün mü?;AUZEF Öğrenme Yönetim Sisteminden derslere erişim için kayıt yenileme zorunlu mu?;Kayıt yenileme yapmadan AUZEF Öğrenme Yönetim Sistemi'ndeki ders materyallerine ulaşabilir miyim?;Kaydımı yenilemediğim halde AUZEF'in online ders platformunu kullanabilir miyim?;Kayıt yenileme olmadan AUZEF online ders sistemine erişebilir miyim ve dersleri takip edebilir miyim?;AUZEF Öğrenme Yönetim Sistemine kayıt yenileme yapmadan giriş yapabilir miyim ve ders içeriklerini görüntüleyebilir miyim?;;;;;;;;;;;;
116;Muafiyetten kimler yararlanabilir?;Daha önce herhangi bir yükseköğrenim kurumunda öğrenci olup ortak zorunlu derslerini geçmiş ve/veya mezun olmuş olan öğrenciler muafiyet hakkından faydalanabilir. Sadece lise mezuniyeti bulunan öğrencilerin muafiyet hakkı yoktur.;DERS_SECIMI_MUAFIYET-MUAFIYET_MUAFIYET_ITIRAZ_BASVURUSU-BILGI;Muafiyet hakkı hangi öğrencilere tanınmaktadır?;Muafiyet başvurusu yapma hakkı kimlere verilir?;Hangi öğrenciler muafiyet işleminden faydalanabilir?;Muafiyet hakkı verilen öğrenci kriterleri nelerdir?;Muafiyet işlemi için uygun olan öğrenciler hangileridir?;Muafiyet uygulamasından yararlanma şartları nelerdir ve kimler başvurabilir?;Muafiyet başvurusunda bulunabilecek öğrenciler kimlerdir?;Muafiyet işlemleri için hangi öğrenciler uygun görülmektedir?;muafiyetten yararlanma şartları nelerdir?;;;;;;;;;;;
117;Muaf olduğum dersleri nasıl, nereden görebilirim?;Muaf olduğunuz dersleri AKSİS sisteminden görüntüleyebilirsiniz. Ortak zorunlu derslerden muaf olan öğrencilerin transkript belgelerinde ilgili dersler (M) harf notu olarak işlenir, öğrenciler transkript belgelerinden muaf derslerini görüntüleyebilmektedir.;DERS_SECIMI_MUAFIYET-MUAFIYET_MUAFIYET_ITIRAZ_BASVURUSU-DESTEK;Muaf olduğum derslerin listesine nasıl ve nereden ulaşabilirim?;Muafiyet aldığım dersleri kontrol etmek için hangi platformu kullanmalıyım?;Muaf olduğum ders bilgilerini görüntülemek için hangi adımları izlemeliyim?;Muaf olduğum derslerin kaydına nereden erişebilirim?;Hangi derslerden muaf olduğumu nasıl öğrenebilirim?;Muafiyet aldığım dersleri öğrenmek için nereye bakmalıyım?;Muaf olduğum derslerin listesini nereden ve nasıl görebilirim?;Muaf olduğum dersleri sorgulamak istiyorum?;;;;;;;;;;;;
118;Muafiyet zamanını kaçırdım, şimdi muafiyet işlemi yapabilir miyim?;Muafiyet işlemi AUZEF'e kayıt olunan ilk eğitim-öğretim döneminde yapılır, sonraki dönemlerde muafiyet talebinde bulunulamaz;DERS_SECIMI_MUAFIYET-MUAFIYET_MUAFIYET_ITIRAZ_BASVURUSU-BILGI;Muafiyet başvuru süresini kaçırdıktan sonra muafiyet işlemi yapma şansım var mı?;Muafiyet için belirlenen zamanı geçirdim, hala başvuru yapabilir miyim?;Muafiyet başvurusu için son tarihi kaçırdım, şimdi ne yapabilirim?;Muafiyet için geç başvuru yapma imkanım bulunuyor mu?;Belirlenen muafiyet başvuru dönemini kaçırmam durumunda ne gibi seçeneklerim var?;Muafiyet başvuru süresini kaçırdım, başvuru yapma imkanım hala mevcut mu?;Muafiyet başvurusu için deadline'ı kaçırdım, başvurum kabul edilir mi?;Muafiyet için son başvuru tarihini kaçırdım, başvuru hakkımı kaybettim mi?;muafiyet başvuru dönemini kaçırdım ne yapmalıyım?;;;;;;;;;;;
119;Örgün program öğrencisiyim, zorunlu ortak derslerimi nereden takip edebilirim?;"Örgün eğitim gören öğrenciler zorunlu ortak derslerini ""https://eogren.istanbul.edu.tr/"" https://eogren.istanbul.edu.tr/ sisteminden takip edebilirler.";;Örgün eğitimde okuyan bir öğrenci olarak zorunlu ortak derslerimi hangi platform üzerinden takip ederim?;Örgün öğrencisi olarak zorunlu derslerim için hangi kaynakları kullanmalıyım?;Örgün eğitimde zorunlu ortak derslerim için ders materyallerine nereden ulaşabilirim?;Zorunlu ortak derslerimi örgün öğrenci olarak nereden çalışabilirim?;Örgün öğretimdeki zorunlu derslerimi takip etmek için hangi online platformlar kullanılıyor?;Örgün eğitimdeki zorunlu ortak dersler için öğrenim materyallerine erişim sağlama yolu nedir?;Örgün programda okurken zorunlu derslerim için ders içeriklerini nereden bulabilirim?;Örgün eğitim öğrencisi olarak zorunlu derslerimin içeriklerine hangi kanallardan erişebilirim?;;;;;;;;;;;;
120;Askerlik tecil işlemleri için hangi belgeyi almam gerekir?;"Askerlik tecil işlemleri için belge almanıza gerek yoktur, öğrencilik verileriniz YÖKSİS e aktarılmakta ve ASAL (Askeralma Genel Müdürlüğü) tarafından ihtiyaç halinde bu veriler çekilmektedir. Not: İkinci üniversite kapsamında yapılan kayıtlarda askerlik tecil işlemleri fakültemiz tarafından yapılmamaktadır. Askerlik işlemleri mezun durumda olmayan, okuyan öğrenciler için ilk üniversiteleri tarafından yapılmaktadır. Fakültemize diğer üniversitenizden kaydınızı sildirdiğinize dair belge ile müracaat etmeniz durumunda verileriniz sisteme aktarılmakta ve tecil işlemi gerçekleşmektedir.) Ayrıntılı bilgiye ""https://www.msb.gov.tr/Genel/icerik/sikca-sorulan-sorular"" buradan ulaşabilirsiniz.";YENI_KAYIT-KAYIT_BILGILENDIRMESI-BILGI;Askerlik tecil işlemi yapabilmek için hangi belgelere ihtiyacım var?;Askerlik tecilimi gerçekleştirmek için gereken belge nedir?;Tecil işlemleri için hangi belgeyi sunmam gerekiyor?;Askerlik tecilimi sağlamak için hangi dökümanı temin etmeliyim?;Askerlik tecil işlemlerinde hangi belgeyi kullanmam gerekir?;Tecil işlemleri için gerekli olan belge hangisidir?;Askerlik tecili için hangi belgeyi edinmem gerekmektedir?;Askerlik tecil işlemleri sırasında hangi belgeyi sunmalıyım?;;;;;;;;;;;;
121;Öğrenim kurumlarından terk, ilişik kesme veya mezun olmam durumunda kaç yaşına kadar ertelememi yaptırabilirim?;"7179 sayılı Askeralma Kanunu 20’nci madde 3’üncü fıkrası gereğince yükümlülerin askerlikleri istekleri halinde mezuniyet veya ilişik kesme tarihinden itibaren;
a) Lise veya dengi okuldan mezun olanların üç yıl,
b) Mesleki ve Teknik Liselerden mezun olanların altı yıl,
c) Fakülte, Yüksekokul veya Meslek Yüksekokullarından ilişikleri kesilenler ile Meslek Yüksekokulundan mezun olanların iki yıl,
ç) Dört yıl ve daha uzun süreli yükseköğretim kurumlarından mezun olanların iki yıl,
d) Yüksek lisans eğitimini tamamlayanlar bir yıl, süreyle ertelenir.
Bu erteleme süreleri; lise veya dengi okul mezunları için 22, mesleki ve teknik lise mezunları için 25, fakülte, yüksekokul veya meslek yüksekokullarından ilişikleri kesilenler ile meslek yüksekokulu mezunları için 28, dört yıl ve daha uzun süreli yükseköğretim kurumu mezunları için 32 yaşını tamamladıkları yılın sonunu geçemez.
Yurt dışındaki yükseköğretim kurumlarından mezun olanlara denklik işlemlerini tamamlamaları için ilave bir yıl süre verilir.";YENI_KAYIT-KAYIT_BILGILENDIRMESI-BILGI;Terk, ilişik kesme veya mezuniyet sonrası askerlik tecilimi en fazla kaç yaşına kadar uzatabilirim?;Eğitimimi bıraktığımda veya mezun olduğumda askerliğimi kaç yaşına kadar erteleyebilirim?;Okulu bırakma, ilişik kesme veya mezuniyet durumlarında askerlik tecil yaş sınırı nedir?;Eğitimden ayrıldıktan veya mezun olduktan sonra askerlik tecilimi ne kadar süreyle yapabilirim?;Öğrenim durumuma bağlı askerlik tecilinde yaş sınırı kaçtır?;Mezuniyet veya eğitimden ayrılma sonrası askerlik tecilinin üst yaş sınırı nedir?;Eğitimimi tamamladıktan sonra askerlik ertelemem için maksimum yaş sınırı kaç?;Eğitimle ilişkim kesildiğinde veya mezun olduğumda askerliğimi en fazla kaç yaşına kadar tecil ettirebilirim?;;;;;;;;;;;;
122;Öğrenimime devam ederken askerlik görevimi yapabilir miyim?;Açık ve uzaktan öğretim programlarında okuyan öğrenciler dilediği takdirde askerlik görevini okurken yapabilir.;YENI_KAYIT-KAYIT_BILGILENDIRMESI-BILGI;Eğitim hayatıma devam ediyorken askerlik hizmetini yerine getirebilir miyim?;Öğrenciyken askerlik yapma imkanım var mı?;Eğitime devam ederken askerlik görevini tamamlamam mümkün mü?;Öğrenim sürecim devam ederken askerliğimi yapabilir miyim?;Üniversite öğrencisiyken askerlik hizmetine katılabilir miyim?;Eğitimime devam ederken askerlik görevimi yerine getirme şansım nedir?;Okurken askerlik yapma olanağım bulunuyor mu?;Öğrenimim sürerken askerlik hizmetine gitme imkanım mevcut mu?;;;;;;;;;;;;
123;Sınavsız İkinci Üniversiteyle kayıt yaptırdığımda askerlik tecil işlemlerinden faydalanabilir miyim?;Sınavsız İkinci Üniversite kapsamında kayıt olan öğrencilerin askerlik tecil işlemleri Fakültemiz tarafından yapılmamaktadır. Askerlik işlemleri mezun durumda olmayan, okuyan öğrenciler için ilk üniversiteleri tarafından yapılmaktadır. Fakültemize diğer üniversitenizden kaydınızı sildirdiğinize dair belge ile müracaat etmeniz durumunda verileriniz sisteme aktarılmakta ve tecil işlemi gerçekleşmektedir.;YENI_KAYIT-KAYIT_BILGILENDIRMESI-BILGI;Sınavsız İkinci Üniversite programına kaydolduğumda askerlik tecilinden yararlanma imkanım var mı?;Sınavsız İkinci Üniversite kaydıyla askerlik tecilimi uzatabilir miyim?;Sınavsız İkinci Üniversite programına kayıt olarak askerlik tecil hakkı elde edebilir miyim?;Sınavsız İkinci Üniversiteye kayıt olmam askerlik tecil işlemlerimi etkiler mi?;Sınavsız İkinci Üniversite programına kaydımın askerlik tecil durumuma etkisi nedir?;Sınavsız İkinci Üniversite kaydı sonrası askerlik tecil işlemlerim için avantaj sağlar mı?;Sınavsız İkinci Üniversite kaydı ile askerlik tecilimde bir değişiklik yapabilir miyim?;Sınavsız İkinci Üniversite programına kaydım askerlik tecilimi nasıl etkiler?;;;;;;;;;;;;
124;Sınavsız İkinci Üniversiteyle kayıt olduktan sonra örgün öğretimdeki kaydımı sildirdim, askerlik tecil işlemlerinden yararlanabilir miyim?;Fakültemize diğer üniversitenizden kaydınızı sildirdiğinize dair belge ile müracaat etmeniz durumunda verileriniz sisteme aktarılmakta ve tecil işlemi gerçekleşmektedir.;YENI_KAYIT-KAYIT_BILGILENDIRMESI-BILGI;Sınavsız İkinci Üniversiteye geçiş yaptıktan ve örgün eğitim kaydımı iptal ettirdikten sonra askerlik tecilim devam eder mi?;Örgün öğretim kaydımı iptal ettirip Sınavsız İkinci Üniversiteye geçiş yaparsam askerlik tecilim etkilenir mi?;Sınavsız İkinci Üniversite kaydı ile örgün eğitim kaydımı sildirdiğimde askerlik tecili hakkım sürer mi?;Sınavsız İkinci Üniversite kaydı sonrası örgün eğitim kaydımı iptal ettiğimde askerlik tecil işlemlerim nasıl etkilenir?;Örgün öğretimden ayrılıp Sınavsız İkinci Üniversiteye geçtiğimde askerlik tecil durumum ne olur?;Sınavsız İkinci Üniversiteye kayıt olduktan sonra örgün kaydımı sildirirsem askerlik tecilim geçerli kalır mı?;Sınavsız İkinci Üniversiteye geçiş yaparak örgün eğitim kaydımı sildirdiğimde askerlik tecilim devam eder mi?;Sınavsız İkinci Üniversite kaydıyla örgün eğitim kaydımı iptal ettirdim, askerlik tecilim bu durumdan nasıl etkilenir?;;;;;;;;;;;;
125;Paso (akbil/şehir içi ulaşım kartı) çıkartmam için hangi işlemleri yapmam gerekir?;Paso (akbil/şehir içi ulaşım kartı)çıkarmak için Fakültemizden aldığınız öğrenci belgesi ile ya da sistem üzerinden bulunduğunuz şehirdeki ulaşım bürolarına başvurmanız gerekir.;YENI_KAYIT-KAYIT_BILGILENDIRMESI-BILGI;Şehir içi ulaşım kartı (Paso/Akbil) çıkarma prosedürü nedir?;Şehir içi ulaşım kartı almak için hangi adımları takip etmeliyim?;Paso ya da Akbil olarak bilinen ulaşım kartını nasıl ve nereden alabilirim?;Toplu taşıma kartı (Paso/Akbil) elde etmek için yapılması gereken işlemler nelerdir?;Ulaşım kartı edinmek için gerekli belgeler ve adımlar nelerdir?;Şehir içi paso kartı için başvuru süreci nasıl işler?;Akbil/Paso kartı çıkarmak istiyorum, başvuru için ne yapmalıyım?;Toplu taşıma kullanım kartı elde etme süreci nasıl yürütülmektedir?;;;;;;;;;;;;
126;Pasif öğrenci ile kayıt donduran öğrenci arasında ne fark var?;"Azami eğitim-öğretim süreleri; iki yıllık ön lisans öğrenimi için 4 yıl, dört yıllık fakülte ve yüksekokullar için 7 yıldır. Kayıt yenilemeyen öğrencilerin kayıt yenilemediği her dönem azami süreden düşer; fakat kayıt donduran öğrencinin kayıt dondurduğu dönem/dönemler azami süreden düşmez.";YENI_KAYIT-KAYIT_BILGILENDIRMESI-BILGI;Pasif öğrenci ile kayıt dondurma durumu arasındaki farklar nelerdir?;Pasif öğrenci statüsü ile kayıt donduran öğrenci arasında ne gibi ayrımlar vardır?;Pasif öğrencilik ile kayıt dondurma arasındaki temel fark nedir?;Kayıt dondurma ile pasif öğrenci olma durumu arasında nasıl bir farklılık bulunmaktadır?;Pasif öğrencilik ile kayıt dondurma işlemi arasında ne tür farklar mevcuttur?;Pasif öğrenci ile kayıt donduran öğrenci statüsünün farkları nelerdir?;Kayıt dondurma ve pasif öğrencilik arasında ne gibi önemli farklar var?;Pasif öğrencilik ile kayıt dondurma işlemi arasındaki ayırt edici özellikler nelerdir?;;;;;;;;;;;;
127;Türkçe Yeterlilik belgesini alamazsam kaydım silinir mi?;Türkçe Yeterlilik Belgesi alamayan ya da Türkçe yeterlilik sınavından yeterli düzeyde not alamayan öğrenciler ilgili dönemde ders alamamaktadırlar. Öğrencilerin ders alabilmeleri için en az B seviyesinde not alıp, İÜ Yabancı Diller bölümünden sisteme işletmeleri gerekir. Bütün YÖS öğrencileri kayıtlarının devam edebilmesi için Türkçe Yeterliliklerini C seviyesine yükseltmek zorundadırlar.;YENI_KAYIT-KAYIT_BILGILENDIRMESI-BILGI;Türkçe Yeterlilik belgesi alamama durumunda kaydımın iptali söz konusu mu?;Türkçe Yeterlilik belgesini temin edemezsem üniversite kaydım riske girer mi?;Türkçe Yeterlilik belgesini sağlayamadığım takdirde öğrencilik statüm iptal olur mu?;Türkçe Yeterlilik belgesi alınmazsa üniversite kaydı silinir mi?;Türkçe Yeterlilik belgesi elde edilememesi durumunda kayıt iptali gerçekleşir mi?;Türkçe Yeterlilik sertifikası alamazsam akademik kaydım etkilenir mi?;Türkçe Yeterlilik belgesini alamadığımda öğrencilik kaydımın silinme ihtimali var mı?;Türkçe Yeterlilik belgesi alınmaması halinde öğrencilik kaydım ne olur?;;;;;;;;;;;;
128;YÖS Türkçe yeterlilik değerlendirilmesi neye göre belirlenmektedir?;"Türkçe Yeterlilik Belgesi düzeyleri aşağıdaki gibidir.
1. C1 ve C2 Düzeyi: Türkçe düzeyi yeterlidir. Kayıt hakkı kazandığı programa kaydı yapılır.           
2. B1 ve B2 Düzeyi: Türkçe düzeyi yeterli değil; ancak geliştirilebilir. Türkçe kursu almak şartıyla kayıt hakkı kazandığı programa kaydı yapılır. 
Öğrenci en geç üçüncü eğitim ve öğretim yılının başına kadar Türkçe düzeyini (C1-C2) düzeyine yükselttiğini belgelemelidir. 
Bu süre sonunda Türkçesi hala (B1-B2) düzeyinde olanlar dil düzeyini (C1-C2) seviyesine çıkarıncaya kadar eğitim ve öğretimine devam edemezler.                                                                                                                                        
3. A1 ve A2  Düzeyi: Türkçe düzeyi yetersizdir. Türkçe kursu almalıdır. Bu durumda olanlar en geç üçüncü eğitim ve öğretim yılının başına kadar Türkçe düzeyini (C1-C2) düzeyine yükselttiğini belgelemelidir. Türkçe yeterlilik düzeyini, (C1-C2) düzeyine yükseltenlere bu fıkranın birinci bendi, (B1-B2) düzeyine yükseltenlere ikinci bendi hükmü uygulanır.";YENI_KAYIT-KAYIT_BILGILENDIRMESI-BILGI;YÖS kapsamında Türkçe yeterlilik değerlendirmesi hangi kriterlere göre yapılır?;YÖS Türkçe yeterlilik sınavının değerlendirme ölçütleri nelerdir?;YÖS Türkçe yeterlilik testi hangi standartlara göre değerlendirilmektedir?;YÖS'teki Türkçe yeterlilik değerlendirmesi için belirlenen kriterler nedir?;YÖS Türkçe yeterlilik sınavı değerlendirilirken hangi faktörler göz önünde bulundurulur?;YÖS Türkçe yeterlilik sınavının değerlendirilmesi neye dayanmaktadır?;YÖS Türkçe yeterlilik puanlaması hangi kriterlere bağlı olarak yapılıyor?;YÖS Türkçe yeterlilik değerlendirmesi için hangi ölçütler esas alınmaktadır?;;;;;;;;;;;;
129;Yatay geçiş işlemleri ile ilgili detaylı bilgiye nereden ulaşabiliriz?;"Yatay geçiş ile Fakültemize kayıt olmak isteyen öğrencilerin istenilen koşulları sağlayıp başvuruda bulunmaları gerekmektedir. Detaylı bilgi için üniversitenin resmi web sayfası ve ""http://ogrenci.istanbul.edu.tr/"" http://ogrenci.istanbul.edu.tr/ adresinden başvuru koşullarını inceleyiniz. Başka bir üniversiteye ya da fakülteye yatay geçiş yapmak isteyen öğrencilerin başvuracakları birimin şartlarını yerine getirmesi gerekmektedir. Sınavsız ikinci üniversite kapsamında kayıt olan öğrencilerin yatay geçiş yapma hakkı bulunmamaktadır.";YENI_KAYIT-YATAY_GECIS-BILGI;Yatay geçiş süreci hakkında ayrıntılı bilgi alabileceğim kaynaklar nelerdir?;Yatay geçiş işlemleri hakkında detaylı bilgilere nereden ulaşabilirim?;Yatay geçiş prosedürleriyle ilgili kapsamlı bilgiyi nereden edinebilirim?;Yatay geçişle ilgili tüm bilgileri hangi platformlardan öğrenebilirim?;Yatay geçiş uygulaması hakkında bilgi edinmek için hangi kaynakları kullanmalıyım?;Yatay geçiş yapma sürecine dair ayrıntılı açıklamaları nereden bulabilirim?;Yatay geçiş ile ilgili detaylı bilgiye ulaşmak için hangi adreslere başvurmalıyım?;Yatay geçiş işlemleri hakkında bilgi almak istiyorum, başvurabileceğim kaynaklar nelerdir?;programına yatay geçiş yapabilir miyim?;;;;;;;;;;;
130;Hangi yarıyıllarda yatay geçiş yapabilirim?;"Yatay geçişler için; a)Eğitim süresi 2 yıl olan (önlisans) eşdeğer diploma programının; ikinci ve üçüncü yarıyılı, b)Eğitim süresi 4 yıl olan (lisans) eşdeğer diploma programının; üçüncü, dördüncü, beşinci ve altıncı yarıyılı, için kontenjan ayrılabilir. Ayrıntılı bilgi için ""http://ogrenci.istanbul.edu.tr"" http://ogrenci.istanbul.edu.tr adresinden ayrıntılı bilgiye ulaşabilirsiniz.";YENI_KAYIT-YATAY_GECIS-BILGI;Yatay geçiş için uygun olan yarıyıllar hangileridir?;Yatay geçiş yapabileceğim yarıyıl dönemleri nelerdir?;Yatay geçiş işlemi için hangi dönemler tercih edilebilir?;Yatay geçiş için başvurabileceğim yarıyıllar hangileri?;Yatay geçiş yapma imkanı sunulan yarıyıl dönemleri hangileridir?;Yatay geçiş için ne zaman başvuruda bulunabilirim, hangi yarıyıllar uygun?;Yatay geçiş için başvurulabilecek yarıyıl dönemleri nelerdir?;Yatay geçiş başvuruları için uygun olan yarıyıl dönemleri hangileridir?;;;;;;;;;;;;
131;Yatay geçiş başvuruları hangi tarihlerde yapılmakta ve nerede ilan edilmektedir?;"Yatay geçiş başvuru tarihleri ve şartları ""http://ogrenci.istanbul.edu.tr "" http://ogrenci.istanbul.edu.tr adresinde Güz/Bahar yarıyılları başlarında ilan edilmektedir, ilgili adresten duyuruları takip ediniz.";YENI_KAYIT-YATAY_GECIS-BILGI;Yatay geçiş başvuru tarihleri ve ilan edildiği yerler nelerdir?;Yatay geçiş için başvurular ne zaman ve nerede duyuruluyor?;Yatay geçiş başvurularının yapıldığı tarihler ve bu bilgilerin ilan edildiği platformlar hangileridir?;Yatay geçiş başvuru dönemleri ve bu dönemlerin ilan edildiği yerler nelerdir?;Yatay geçiş için başvuruların alındığı zamanlar ve ilan yerleri nelerdir?;Yatay geçiş başvuruları ne zaman yapılır ve ilanları nerede bulabilirim?;Yatay geçiş başvuru tarihleri ve ilanları nerede?;Yatay geçiş başvurularının zamanı ve bu başvuruların nerede duyurulduğu bilgisi nereden alınabilir?;Yatay geçiş başvurularının yapıldığı tarihler ne?;;;;;;;;;;;
132;Yurt dışında ikamet ediyorum, öğrenci belgesini nasıl alabilirim?;"Öğrenci belgenizi AKSİS ""Belge Talepleri"" alanından ya da e-devlet sisteminden e-imzalı olarak alabilirsiniz. Ayrıntılı bilgiye ""https://auzef.istanbul.edu.tr/tr/content/ogrenci-islemleri/ogrenci-belgesi"" buradan ulaşabilirsiniz.";BELGE_TALEBI-OGRENCI_BELGESI-DESTEK;Yurt dışında yaşayan bir öğrenci olarak öğrenci belgesi alma yöntemim nedir?;Yurt dışında ikamet ederken öğrenci belgesini nasıl temin edebilirim?;Yurt dışında yaşayan biri olarak öğrenci belgesi edinme süreci nasıl işler?;Yurt dışında ikamet ediyorum, öğrenci belgesini elde etmek için ne yapmalıyım?;Yurt dışında bulunan bir öğrenci olarak öğrenci belgesi almak için hangi adımları takip etmeliyim?;Yurt dışında oturuyorum, öğrenci belgesini nasıl alırım?;Yurt dışında yaşarken öğrenci belgesi alma yöntemleri nelerdir?;Yurt dışında ikamet eden bir öğrenci olarak öğrenci belgesi alabilme imkanım var mı ve nasıl alabilirim?;;;;;;;;;;;;
133;Hangi durumlarda öğrenci belgesi verilmez?;"Öğrenci Belgesi sadece AKSİS' te statüsü ""Devamlı Öğrenci"" olan ilgili dönem için kayıt yenilemiş öğrenciler tarafından alınabilmektedir. Güz ve bahar dönemleri dışında kalan sürelerde, kayıt dondurduğunuz veya kayıt yenileme işleminizi yapmadığınız dönemlerde  öğrenci belgesi alamazsınız.";BELGE_TALEBI-OGRENCI_BELGESI-DESTEK;Öğrenci belgesi alınamayacak durumlar nelerdir?;Öğrenci belgesi verilmeme durumları hangi şartlarda gerçekleşir?;Öğrenci belgesinin verilmediği durumlar hangileridir?;Öğrenci belgesi talebinin reddedildiği koşullar nelerdir?;Hangi şartlar altında öğrenci belgesi alınamaz?;Öğrenci belgesi verilme talebinin karşılanmadığı durumlar nelerdir?;Öğrenci belgesinin verilmediği özel durumlar nelerdir?;Öğrenci belgesi alma hakkının kullanılamayacağı durumlar hangileridir?;;;;;;;;;;;;
134;AUZEF yeni kayıt yaptıran öğrenci ders kaydını nasıl yapabilir?; Öğrenciler, AKSİS' te yer alan referans numarası ile Halk Bankası şube ve ATM lerinden ya da AKSİS üzerinden kredi kartı ile ilgili döneme ait materyal/harç ücretlerini yatırmalıdır, ödeme işlemini gerçekleştiren öğrencilerin ders seçimleri AUZEF tarafından yapılmaktadır. ;YENI_KAYIT-KAYIT_BILGILENDIRMESI-BILGI;AUZEF'e yeni kaydolan bir öğrenci olarak ders kaydı işlemlerimi nasıl gerçekleştirebilirim?;AUZEF'e yeni kayıt olan öğrenciler ders kayıtlarını nasıl yapar?;Yeni AUZEF öğrencisi ders kaydı sürecini nasıl tamamlar?;AUZEF'e yeni katılan bir öğrenci olarak ders seçimi ve kaydı işlemlerini nasıl yapabilirim?;AUZEF'e yeni giriş yapan bir öğrencinin ders kaydı yapma yöntemi nedir?;AUZEF'e yeni kaydolan bir öğrenci ders kayıtlarını nereden ve nasıl yapmalıdır?;AUZEF' e yeni katılan bir öğrenci olarak ders kaydımı nasıl yapabilirim?;Yeni AUZEF öğrencisi için ders kaydı yapma rehberi nedir?;;;;;;;;;;;;
135;Yatay geçişte ders muafiyeti nasıl yapılır?;"Fakültemiz programlarına Yatay Geçiş kapsamında başvurusu kabul edilen ve kesin kayıt için hak kazanan öğrenci adaylarının muafiyet işlemleri aşağıdaki maddeler doğrultusunda yapılmaktadır. 
1) Muafiyet yapılacak dersin içeriği ile Fakültemizde karşılığı olan dersin içeriğinin benzerlik oranının minimum %70 olması gerekmektedir. 
2) Muafiyet yapılacak dersin AKTS/Kredi miktarının Fakültemizde karşılığı olan dersin AKTS/Kredi miktarına eşit ya da daha fazla olması gerekmektedir. 
3) Başarılı olunan birden fazla dersin Fakültemizde tek derse karşılık gelmesi durumunda, muafiyet işlemleri ders içeriklerinin ve toplam AKTS/Kredi miktarının ilk iki maddedeki uyumlulukları ve yeterlilikleri göz önünde bulundurularak yapılacaktır.";DERS_SECIMI_MUAFIYET-MUAFIYET_MUAFIYET_ITIRAZ_BASVURUSU-BILGI;Yatay geçiş sırasında ders muafiyeti işlemleri nasıl gerçekleştirilir?;Yatay geçiş sonrası ders muafiyeti için hangi adımlar izlenmelidir?;Yatay geçiş yaparken alınan derslerin muafiyeti nasıl sağlanır?;Yatay geçişle gelen öğrenci ders muafiyetini nasıl uygulayabilir?;Yatay geçiş yapan bir öğrenci için ders muafiyeti başvurusu nasıl yapılır?;Yatay geçişle geldikten sonra hangi derslerden muaf olabilirim ve süreci nasıldır?;Yatay geçiş sonrasında derslerden muaf olmak için ne yapmam gerekiyor?;Yatay geçişte derslerin muafiyet işlemleri için gereken prosedür nedir?;;;;;;;;;;;;
136;İkinci üniversite kapsamında kayıt oldum başka bir programa yatay geçiş yapabilir miyim?;Yükseköğretim Kurulu Başkanlığının 16/12/2016 tarih ve 75850160-302.01.06-80321 sayılı yazısı ile “Yükseköğretim Kurumlarında Ön lisans ve Lisans Düzeyindeki Programlar Arasında Geçiş, Çift Anadal Yan Dal ile Kurumlararası Kredi Transferi Yapılması Esaslarına İlişkin Yönetmelik” kapsamında kurumlararası ve kurum içi yatay geçiş başvurularını kabul sırasında Üniversitelerin Açık ve Uzaktan Eğitim Fakültesinde ikinci üniversite kapsamında öğrenim gören öğrencilerin yatay geçiş başvurusunda bulunup bulunmayacağı konusundaki yazısı 14/12/2016 tarihli Yükseköğretim Yürütme Kurulu toplantısında incelenmiş ve söz konusu talep uygun görülmemiştir. Bu nedenle İkinci üniversite kapsamında kayıt yaptıran öğrencilerin yatay geçiş hakkı bulunmamaktadır.;YENI_KAYIT-YATAY_GECIS-BILGI;İkinci üniversite programına kaydolduktan sonra başka bir programa yatay geçiş imkanım var mı?;İkinci üniversite olarak kaydolduğum programdan farklı bir programa yatay geçiş yapabilir miyim?;İkinci üniversiteye kayıtlıyken başka bir bölüme yatay geçiş yapma şansım nedir?;İkinci üniversite programında okurken başka bir programa geçiş yapabilir miyim?;İkinci üniversite olarak kayıtlı olduğum alandan başka bir alana yatay geçiş mümkün mü?;İkinci üniversiteye kayıt olan bir öğrenci olarak başka bir programa geçiş yapma imkanım nedir?;İkinci üniversite kapsamında bir programda okuyorken başka bir programa geçiş yapılabilir mi?;İkinci üniversite kapsamındaki kaydımla başka bir bölüme yatay geçiş yapma olanağım var mı?;;;;;;;;;;;;
137;Programımda azami süremi aştığımda indirimli ulaşım kartı alabilir miyim?;Azami süresini aşan öğrenciler, indirimli ulaşım kartı hakkını kaybeder. Bu durumdaki öğrencilere belediyeler tarafından indirimli ulaşım kartı hakkı verilmez.;KAYIT_YENILEME_ODEME-KAYIT_YENILEME_ISLEMLERI-BILGI;Azami öğrenim süresini geçtiğimde ulaşım kartında indirimden yararlanabilir miyim?;Eğitimimde maksimum süreyi aştıktan sonra indirimli ulaşım kartı kullanım hakkım devam eder mi?;Azami eğitim süremi doldurduktan sonra indirimli şehir içi ulaşım kartına sahip olabilir miyim?;Azami öğrenim süresini aşmış bir öğrenci olarak indirimli ulaşım kartı avantajından faydalanabilir miyim?;Öğrenimimde belirlenen maksimum süreyi geçtiğimde ulaşım kartı indiriminden yararlanma imkanım var mı?;Eğitim süremi aştığım zaman indirimli toplu taşıma kartından yararlanabilir miyim?;Azami eğitim süresini geçen bir öğrenci olarak ulaşım kartı indirimlerinden yararlanma şansım nedir?;Azami süreyi aşan öğrenciler için indirimli ulaşım kartı alma imkanı mevcut mu?;;;;;;;;;;;;
138;(AA), (BA), (BB), (CB) ve (CC) harf notları neyi ifade eder?;Bir dersten (AA), (BA), (BB), (CB) ve (CC) harf notlarından birini alan öğrenci o dersi başarmış sayılır ve o dersten bir daha sınava girmez.;SINAV_HAKKINDA_BILGI-HARF_NOTU_SHB-BILGI;(AA), (BA), (BB), (CB) ve (CC) harf notlarının anlamları nelerdir?;(AA), (BA), (BB), (CB), (CC) harf notları hangi başarı seviyelerini temsil eder?;(AA), (BA), (BB), (CB) ve (CC) harf notlarının akademik değerlendirmedeki karşılıkları nelerdir?;(AA), (BA), (BB), (CB), (CC) harf notları öğrenci performansını nasıl ifade eder?;(AA), (BA), (BB), (CB) ve (CC) notları öğrencinin hangi başarı durumlarını gösterir?;(AA), (BA), (BB), (CB), (CC) harf notları ile ifade edilen akademik başarı düzeyleri nelerdir?;(AA), (BA), (BB), (CB) ve (CC) harf notları ne anlama gelmektedir?;(AA), (BA), (BB), (CB), (CC) harf notlarının ölçütlediği başarı seviyeleri nedir?;;;;;;;;;;;;
139;(FF) harf notunu neyi ifade eder?;Bir dersten (FF) harf notunu alan öğrenci o dersten başarısız olmuş sayılır ve ilgili dersin sınavına tekrar girerek notunu başarılı şekilde yükseltmelidir;SINAV_HAKKINDA_BILGI-HARF_NOTU_SHB-BILGI;(FF) harf notunun anlamı nedir?;(FF) harf notu akademik performansı nasıl yansıtır?;(FF) notu öğrencinin hangi durumunu belirtir?;(FF) harf notu başarısızlık mı yoksa başka bir durumu mu ifade eder?;(FF) notunun öğrenci not sistemine etkisi nedir?;(FF) harf notunun öğrenci başarısındaki karşılığı nedir?;(FF) notu ile değerlendirilen öğrenci durumu ne anlama gelmektedir?;(FF) ile ifade edilen harf notunun anlamı ve öğrenci üzerindeki etkisi nedir?;;;;;;;;;;;;
140;Sınav sonuçlarını harf notu olarak nasıl görüntüleyebilirim.;Final (Bitirme) veya Telafi (Bütünleme) sınav sonuçları AKSİS' te ilan edildikten sonra tüm derslerin bağıl değerlendirmesi yapılarak harf notları ilan edilir. AKSİS Not Kartı ekranı ve Sınav Sonuçları ve Notlar kısmından veya Öğrenme Yönetim Sistemi üzerindeki Sınav Sonuçları ekranından görüntüleyebilirsiniz.;SINAV_HAKKINDA_BILGI-HARF_NOTU_SHB-BILGI;Sınav sonuçlarımı harf notu cinsinden nereden ve nasıl inceleyebilirim?;Harf notlarıma ulaşmak için hangi adımları takip etmeliyim?;Sınavlarımın harf notu ile sonuçlarını görüntüleme süreci nasıl işler?;Harf notları ile sınav sonuçlarımı nereden kontrol edebilirim?;Sınav sonuçlarımı harf notu bazında görmek için ne yapmalıyım?;Sınavlarımın harf notlarını görüntülemek için kullanmam gereken platform nedir?;Harf notlarına dayalı sınav sonuçlarımı nasıl ve nereden öğrenebilirim?;Sınav sonuçlarımı harf notu şeklinde görüntüleyebileceğim bir yöntem var mı?;;;;;;;;;;;;
141;AUZEF sınav tarihleri nerede yayınlanır?;"Sınav tarihleri eğitim-öğretim yılı başında auzef.istanbul.edu.tr  ""Akademik Takvim"" alanında  yayınlanmaktadır.
Sınavlar, her bir ders için her yarıyılda en az bir ara sınav, bir bitirme sınavı ve bir bütünleme sınavı (bitirme sınavının telafisi) olmak üzere yüz yüze gözetimli olarak yapılır.

";SINAV_HAKKINDA_BILGI-DIGER-BILGI;AUZEF sınavlarının tarihleri hangi platformda duyurulur?;Sınav takvimine ulaşabileceğim resmi yayın kanalı neresidir?;AUZEF sınav programı nereden öğrenilebilir?;Sınav tarihleri için AUZEF'in hangi iletişim kanallarını takip etmeliyim?;AUZEF sınavlarının ne zaman yapılacağı bilgisi nerede paylaşılıyor?;AUZEF sınav takvimine erişim için doğru adres nedir?;AUZEF tarafından sınav tarihleri nerede ilan edilir?;Sınav tarihleri için AUZEF'in hangi yayınlarını kontrol etmeliyim?;;;;;;;;;;;;
142;Sınav merkezleri nerelerdir?;"Açık ve uzaktan eğitim programlarındaki tüm sınavlar Türkiye’nin tüm illeri ve KKTC’de dahil olmak üzere toplamda 112 sınav merkezinde gerçekleştirilmektedir. Sınav merkezleri Fakülte Yönetim Kurulu onayı ile arttırılabilir veya azaltılabilir. ""https://auzef.istanbul.edu.tr/tr/content/olcme-degerlendirme/sinav-merkezleri"" Buradan sınav merkezlerine ulaşabilirsiniz.";SINAV_HAKKINDA_BILGI-DIGER-BILGI;Sınavların yapılacağı merkezlerin listesine nereden ulaşabilirim?;Sınav merkezlerinin konumları hakkında bilgiyi nereden alabilirim?;Sınavların gerçekleştirileceği yerler hangileridir ve bu bilgiye nereden erişebilirim?;Sınav merkezleri ile ilgili detaylı bilgiye nasıl ulaşırım?;Sınavlar nerede yapılıyor ve bu yerlerin listesini nereden bulabilirim?;Sınavların düzenlendiği merkezler nerede?;Sınav merkezleri hakkında bilgi edinmek için hangi kaynakları kullanmalıyım?;Sınavların yapılacağı yerleri öğrenmek için hangi adreslere bakmalıyım?;Neden ilçelerde sınav yapmıyorsunuz;;;;;;;;;;;
143;Ara sınavlara (vize) nasıl giriş yapılır ?;"Öğrencilerimiz, sınav giriş belgelerini ""https://auzefsinav.istanbul.edu.tr/"" https://auzefsinav.istanbul.edu.tr/ adresine AKSİS kullanıcı adı ve şifresi ile giriş yaparak alır. Sınav merkezlerine sınav giriş belgesi ve T.C. Kimlik Kartı ya da sınav giriş belgesinde belirtilen diğer muadil kimlik kartları ile girebilirler. Sınav giriş belgeleri sınavın uygulanacağı hafta itibarıyla ""https://auzefsinav.istanbul.edu.tr/ "" https://auzefsinav.istanbul.edu.tr/ de yayınlanır.";SINAV_HAKKINDA_BILGI-ARA_SINAV_SHB-BILGI;Ara sınavlara katılım için giriş prosedürü nedir?;Vize sınavlarına nasıl girebilirim, giriş yöntemi nedir?;Ara sınavlara giriş yapmak için hangi adımları izlemeliyim?;Vize sınavlarına nasıl girebilirim?;Ara sınavlara nasıl giriş yaparım, gerekli adımlar nelerdir?;Vize sınavları için online giriş işlemi nasıl yapılır?;Ara sınavlara katılmak için hangi işlemleri gerçekleştirmem gerekiyor?;Vize sınavlarına giriş için ne yapmam gerektiğini nereden öğrenebilirim?;;;;;;;;;;;;
144;Ara sınav (vize) sonuçlarına nereden ulaşabilirim?;"Ara sınav (Vize) sonuçları ilk olarak ""https://auzefsinav.istanbul.edu.tr/"" https://auzefsinav.istanbul.edu.tr/ adresinden ilan edilir. ""https://auzefsinav.istanbul.edu.tr/"" https://auzefsinav.istanbul.edu.tr/ adresine AKSİS kullanıcı adı ve şifresi ile giriş yapılır. Daha sonra notlar AKSİS' e aktarılır.";SINAV_HAKKINDA_BILGI-ARA_SINAV_SHB-BILGI;Vize sınav sonuçlarımı nereden ve nasıl kontrol edebilirim?;Ara sınav sonuçlarını görüntülemek istiyorum;Vize sonuçlarımı görüntülemek için hangi adımları takip etmeliyim?;Ara sınav vize sonuçlarımı öğrenmek için nereye bakmalıyım?;Vize sonuçları nereden duyurulur ve nasıl sorgulanır?;Ara sınav (vize) sonuçlarına neren görürüm?;Vize sınav sonuçlarını görüntüleme;Ara sınavlarımın sonuçlarına nasıl ve nereden erişebilirim?;;;;;;;;;;;;
145;Mezuniyete Üç Ders sınavlarına nasıl katılabilirim ?;"Mezuniyete üç ders sınavı hakkı olan öğrenciler başvuru tarihlerinde AKSİS' ten sınav için başvuru yapmalıdır. Başvurusu onaylanan öğrenciler sınav tarihinden bir hafta önce, sınav giriş belgelerini https://auzefsinav.istanbul.edu.tr/ adresine AKSİS kullanıcı adı ve şifresi ile giriş yaparak alır. Sınav merkezlerine sınav giriş belgesi ve T.C. Kimlik Kartı ya da sınav giriş belgesinde belirtilen diğer muadil kimlik kartları ile girebilirler. Mezuniyete Üç Ders Sınavı Başvuru Koşullarına ""https://auzef.istanbul.edu.tr/tr/content/olcme-degerlendirme/mezuniyete-uc-ders-sinavi"" buradan ulaşabilirsiniz.";SINAV_HAKKINDA_BILGI-MEZUNIYETE_UC_DERS_SINAVI_SHB-BILGI;Mezuniyete Üç Ders sınavına katılım için gereken şartlar nelerdir?;Üç Ders sınavına giriş yapabilmek için ne yapmam gerekiyor?;Mezuniyet için gereken Üç Ders sınavına nasıl başvurabilirim?;Mezuniyete Üç Ders sınavına katılmak için hangi adımları izlemeliyim?;Üç Ders sınavına katılım süreci nasıl işler?;Mezuniyet Üç Ders sınavına nasıl kaydolurum?;Mezuniyete Üç Ders sınavı için başvuru nasıl yapılır?;Mezuniyete yönelik Üç Ders sınavına katılma yöntemi nedir?;;;;;;;;;;;;
146;Bitirme (Final) sınavı esnasında yapılması gereken işlemler nelerdir?;"Öğrencilerimiz ilgili sınav merkezlerinde gerekli kontroller sonrasında sınav salonlarına alınır.
- Sınav süreleri ve sınav esnasında dikkat edilmesi gereken konular daha öncesinde(Sınav giriş belgelerinde ve sınav kitapçıklarının arkasında ilgili uyarılar yer almaktadır) öğrencilerimize bildirilir.
- Öğrencilerimiz bu doğrultuda sınavlarını sürdürürler.";SINAV_HAKKINDA_BILGI-BITIRME_SINAVI_SHB-BILGI;Final sınavı sırasında hangi prosedürleri takip etmem gerekiyor?;Bitirme sınavında uygulanması gereken adımlar nelerdir?;bitirme Final sınavı esnasında dikkat etmem gereken işlemler nelerdir?;Bitirme sınavına giriş yaparken nelere dikkat etmeliyim?;Final sınavı için sınav sırasında yapılacaklar nelerdir?;Bitirme sınavı sürecinde hangi işlemleri gerçekleştirmeliyim?;Final sınavı sırasında uygulamam gereken prosedürler nelerdir?;Bitirme (Final) sınavı esnasında izlenmesi gereken adımlar nelerdir?;;;;;;;;;;;;
147;Telafi (Bütünleme) sınavına nasıl katılabilirim?;"Öğrencilerin DD, DC, FF harf notlu derslerinden telafi sınavına girebilmeleri için herhangi bir başvuru yapmaları gerekmez. İlgili dersler için otomatik olarak sınav hazırlanmaktadır. Öğrencilerimiz, sınav giriş belgelerini ""https://auzefsinav.istanbul.edu.tr/"" https://auzefsinav.istanbul.edu.tr/ adresine AKSİS kullanıcı adı ve şifresi ile giriş yaparak alır. Sınav merkezlerine sınav giriş belgesi ve T.C. Kimlik Kartı ya da sınav giriş belgesinde belirtilen diğer muadil kimlik kartları ile girebilirler. Sınav giriş belgeleri sınavdan 1 hafta önce ""https://auzefsinav.istanbul.edu.tr/"" https://auzefsinav.istanbul.edu.tr/ de yayınlanır.";SINAV_HAKKINDA_BILGI-BUTUNLEME_SINAVI_SHB-BILGI;Telafi sınavına giriş için ne yapmam gerekmektedir?;Bütünleme sınavına katılmak için hangi şartları sağlamalıyım?;Telafi sınavına katılım süreci nasıl işlemektedir?;Bütünleme sınavına nasıl kaydolurum ve gerekli koşullar nelerdir?;Telafi sınavına katılabilmek için gereken adımlar nelerdir?;Bütünleme sınavı için başvuru süreci nasıl yürütülür?;Telafi sınavına giriş yapabilmek için başvuru nasıl yapılır?;Bütünleme sınavına nasıl katılabilirim?;bütünleme sınavına giriş için ne yapmam gerekmektedir?;;;;;;;;;;;
148;Telafi(Bütünleme) sınavında dikkat etmem gereken durumlar nelerdir?;"- Sınav süreleri ve sınav esnasında dikkat edilmesi gereken konular sınav giriş belgelerinde ve sınav kitapçıklarında yazılı olarak yer almaktadır.
- DD ve DC harf notu dersleri bulunan öğrenciler notlarını yükseltmek istemezlerse, optikte girmek istemedikleri derse ait alanda işaretleme yapmamalıdır. İşaretleme yapıldığı takdirde öğrencinin aldığı son not geçerli olacaktır.";SINAV_HAKKINDA_BILGI-BUTUNLEME_SINAVI_SHB-BILGI;Bütünleme sınavında nelere dikkat etmeliyim?;Telafi sınavına girerken hangi noktalara özen göstermeliyim?;Bütünleme sınavında başarılı olmak için dikkat edilmesi gerekenler nelerdir?;Telafi sınavında uygulamam gereken önemli kurallar nelerdir?;Bütünleme sınavı sırasında hangi hususlara dikkat etmeliyim?;Telafi sınavında başarıya ulaşmak için nelere dikkat etmem gerekiyor?;Bütünleme sınavında uymam gereken temel prensipler nelerdir?;Telafi sınavında göz önünde bulundurmam gerekenler nelerdir?;;;;;;;;;;;;
149;AUZEF sınavları kaç oturumda yapılır?;"Öğrencilerimizin bir dönemde aldıkları derslerin sınavları üç oturum olarak düzenlenir.
-  Öğrencilerimiz ilgili oturumda sorumlu oldukları derslerin sınavlarını belirtilen süreler dâhilinde tamamlar.";SINAV_HAKKINDA_BILGI-DIGER-BILGI;AUZEF sınavları toplam kaç oturumdan oluşmaktadır?;AUZEF sınavlarının oturum sayısı nedir?;AUZEF sınavları genellikle kaç oturumda gerçekleştirilir?;AUZEF tarafından düzenlenen sınavlar kaç oturumda tamamlanır?;AUZEF sınavlarının yapıldığı oturum sayısı kaçtır?;AUZEF sınavlarında kaç oturum bulunmaktadır?;AUZEF sınavları toplamda kaç oturum üzerinden yapılıyor?;AUZEF sınavlarının oturum sayıları hakkında bilgi verir misiniz?;;;;;;;;;;;;
150;Sınav sonuçlarını nasıl görebilirim?;"Sınav sonuçları ilk olarak ""https://auzefsinav.istanbul.edu.tr/"" buradan ilan edilir, ""https://auzefsinav.istanbul.edu.tr/ "" https://auzefsinav.istanbul.edu.tr/ adresine AKSİS kullanıcı adı ve şifresi ile giriş yapılır. Daha sonra notlar AKSİS' e aktarılır. Vize ve final sınavlarının ikisi de açıklandıktan sonra notlar AKSİS' e harf notu olarak işlenir.";SINAV_HAKKINDA_BILGI-DIGER-BILGI;Sınav sonuçlarımı nereden ve nasıl kontrol edebilirim?;Sınav sonuçlarımı görüntülemek için hangi adımları izlemeliyim?;Sınavlarımın sonuçlarına erişim için hangi platformu kullanmalıyım?;Sınav sonuçlarımı öğrenmek için nereye bakmalıyım?;Sınavımın sonuçlarını görüntüleme yöntemi nedir?;Sınav sonuçlarıma nasıl ulaşabilirim?;Sınav sonuçlarımı hangi kaynaktan öğrenebilirim?;Sınav sonuçlarımı görüntülemek için ne yapmam gerekiyor?;;;;;;;;;;;;
151;Harf notumu neden göremiyorum?;Bitirme sınav sonuçları yayınlanmadan AKSİS' te harf notları ilan edilmemektedir. Ara sınav ve final sınavlarının ikisi de açıklandıktan sonra notlar AKSİS' e harf notu olarak işlenir.;SINAV_HAKKINDA_BILGI-HARF_NOTU_SHB-BILGI;Harf notlarımı görüntüleyememe sebebi nedir?;Harf notlarım sistemde neden görünmüyor?;Harf notlarımı neden göremiyorum?;Harf notlarım gözükmüyor;Harf notlarım sistemde görünmüyor, bunun sebebi ne olabilir?;Harf notlarımı görüntüleyemiyorum, bu durumun nedeni nedir?;Harf notumu görememe problemi için ne yapmalıyım?;Harf notlarımın sistemde gözükmemesinin nedenleri neler olabilir?;;;;;;;;;;;;
152;AUZEF’te her dönem için kaç sınav yapılır?;AUZEF’te her yarıyılda en az bir ara sınav(vize), bir bitirme sınavı(final) ve telafi sınavı(bütünleme) olmak üzere 3 sınav yapılır. Ayrıca yılda bir defa olmak üzere bahar dönemi sonunda akademik takvimde belirtilen tarihte Mezuniyete Üç Ders sınavı yapılmaktadır. Sınavlar sınav merkezlerinde gözetimli olarak yüz yüze yapılır.;SINAV_HAKKINDA_BILGI-DIGER-BILGI;Her dönem AUZEF tarafından kaç sınav düzenlenir?;AUZEF'te her akademik dönemde gerçekleştirilen sınav sayısı nedir?;Bir dönem içinde AUZEF kaç sınav yapar?;Her öğretim döneminde AUZEF tarafından düzenlenen sınavların sayısı kaçtır?;AUZEF'te bir dönemde yapılan sınavların toplam sayısı nedir?;AUZEF her dönem ne kadar sınav gerçekleştirir?;AUZEF'teki bir öğretim dönemi içerisinde kaç adet sınav olmaktadır?;AUZEF akademik takviminde her dönem için planlanan sınav sayısı kaçtır?;;;;;;;;;;;;
153;Tercih ettiğim sınav merkezi dışında bir merkezde sınava girebilir miyim?;Sınav merkezi tercih sistemi her sınav dönemi öncesinde öğrencilerimizin tercihlerini güncelleyebilmeleri için açılmaktadır. Öğrencilerimiz sınavlarına “Sınav Merkezi Tercihi” döneminde tercih ettikleri sınav merkezinde girmek zorundadırlar. Belirlenen tarihler dışında sınav merkezi tercihi değiştirilemez. Tercihlere ait duyuru web sayfasından duyurulur.;SINAV_HAKKINDA_BILGI-DIGER-BILGI;Belirlediğim sınav merkezi haricinde başka bir yerde sınava katılma imkanım var mı?;Tercih ettiğim merkez dışında farklı bir sınav merkezinde sınava girebilir miyim?;Seçtiğim sınav merkezi dışında bir lokasyonda sınavımı yapma şansım nedir?;Tercihim olan sınav merkezinden başka bir yerde sınava girmem mümkün mü?;Seçmiş olduğum sınav merkezi haricinde başka bir merkezde sınava katılabilir miyim?;Belirlemiş olduğum sınav merkezinin dışında sınavlara giriş yapabilir miyim?;Tercih etmediğim bir sınav merkezinde sınava girebilir miyim ve bu nasıl işler?;Kaydolduğum sınav merkezi dışında bir yerde sınavımı verme olanağım var mı?;"Sınav yeri tercihimi değiştirebilir miyim? 
 
";;;;;;;;;;;
154;Cep telefonum ile sınava girebilir miyim?;Sınav salonlarına kesinlikle CEP TELEFONU ile girilemez.;SINAV_HAKKINDA_BILGI-DIGER-BILGI;Sınav esnasında cep telefonumu yanımda bulundurabilir miyim?;Sınav sırasında cep telefonu kullanımı mümkün müdür?;Sınava cep telefonumla girmem izin verilir mi?;Sınavlarda cep telefonu yanımda olabilir mi, bu konuda kurallar nelerdir?;Cep telefonum ile sınava katılmamın bir yolu var mı?;Sınav alanına cep telefonumu alabilir miyim veya bu mümkün mü?;Sınavlara girişte cep telefonumun yanımda olmasına izin verilir mi?;Cep telefonumu sınav esnasında kullanmam veya yanımda bulundurmam kabul edilebilir mi?;;;;;;;;;;;;
155;Sınava girerken yanımda ne götürmeliyim?;"Öğrencilerimizin sınava girebilmeleri için yanlarında Sınav Giriş Belgesi ve T.C. Kimlik Kartı ya da sınav giriş belgesinde belirtilen diğer muadil kimlik kartlarının bulunması yeterlidir. Sınav giriş belgeleri ""https://auzefsinav.istanbul.edu.tr/"" buradan AKSİS kullanıcı adı ve şifresi ile giriş yapılarak alınır. Sınav giriş belgeleri sınavdan 1 hafta önce ""https://auzefsinav.istanbul.edu.tr/"" burada yayınlanır.";SINAV_HAKKINDA_BILGI-DIGER-BILGI;Sınav salonuna girişte yanımda bulundurmam gereken malzemeler nelerdir?;Sınava katılırken hangi eşyaları yanıma almalıyım?;Sınava girerken yanımda olması gerekenler nelerdir?;Sınav esnasında ihtiyaç duyabileceğim şeyler nelerdir ve bunları yanıma almalı mıyım?;Sınav için gerekli olan malzemeleri nelerdir, yanımda ne getirmeliyim?;Sınava giderken yanıma alınması gereken temel araç gereçler nelerdir?;Sınava girerken yanımda ne tür malzemeler bulundurmalıyım?;Sınav günü yanımda hangi malzemeleri götürmem gerektiğini nereden öğrenebilirim?;;;;;;;;;;;;
156;Sınav notlarıma nereden ulaşabilirim?;"Sınav sonuçları ilk olarak""https://auzefsinav.istanbul.edu.tr/""  https://auzefsinav.istanbul.edu.tr/ adresinden ilan edilir, ""https://auzefsinav.istanbul.edu.tr/"" https://auzefsinav.istanbul.edu.tr/ adresine AKSİS kullanıcı adı ve şifresi ile giriş yapılır. Daha sonra notlar AKSİS' e aktarılır. Vize ve final olmak üzere iki sınav sonucu da açıklandıktan sonra sınav sonuçları AKSİS' e harf notu olarak işlenir.";SINAV_HAKKINDA_BILGI-DIGER-BILGI;Sınav sonuçlarımı görüntülemek istiyorum;Sınav notlarıma erişmek için nereye bakmalıyım?;Sınav sonuçlarımı öğrenmek için hangi platformu ziyaret etmeliyim?;Sınav notlarımı kontrol etmek istiyorum;Sınav sonuçlarıma nasıl ve nereden ulaşırım?;Sınav notlarımı görüntüleyebileceğim web sitesi veya platform hangisidir?;Sınav sonuçlarımı nereden takip edebilirim?;Sınav notlarıma erişim sağlamak için kullanmam gereken online sistem nedir?;;;;;;;;;;;;
157;Her ders için vize ve bitirme (final) notunun etki oranı nedir?;Bir ders için Ham Başarı Puanı, hesaplanırken vizenin  %30’ u, bitirme(final) notunun  ise %70’ i dikkate alınarak hesaplama yapılır.;SINAV_HAKKINDA_BILGI-DIGER-BILGI;Vize ve final notlarının ders başarısındaki ağırlığı nedir?;Her dersin not hesaplamasında vize ve final notlarının etkisi yüzde kaçtır?;Vize ve final sınavlarının her bir dersin genel notuna katkısı nedir?;Ders notlarının hesaplanmasında vize ve final notlarının payı ne kadardır?;Vize ve final sınavlarının ders başarı notuna etkisi ne orandadır?;Her bir ders için vize ve bitirme sınavının not üzerindeki etkisi yüzde kaç olarak belirlenmiştir?;Ders notlarının hesaplanmasında vize ve finalin oransal etkisi nedir?;Vize ve final notlarının ders notları üzerindeki etkisi ne şekilde hesaplanır?;;;;;;;;;;;;
158;Telafi (Bütünleme) Sınavı notu sınav başarı notunu yüzde kaç etkiler?;Telafi(bütünleme) sınavına giren öğrenciler için Telafi(bütünleme) sınavı bitirme(final) sınavı yerine geçer ve bitirme sınavı gibi toplam notun %70 ini etkiler.;SINAV_HAKKINDA_BILGI-DIGER-BILGI;Telafi sınavının final notundaki yüzdesel etkisi nedir?;Bütünleme sınavı notum genel başarı notumu ne oranda etkiler?;Bütünleme sınavının ders notlarına katkısı yüzde kaçtır?;Telafi sınavı notumun genel ders notuma etkisi ne kadar?;Bütünleme sınavı sonucum genel not ortalamamı yüzde kaç oranında etkiler?;Telafi sınavının genel not hesaplamasındaki etki oranı nedir?;Bütünleme sınavı notunun genel akademik performans üzerindeki etkisi ne kadardır?;Bütünleme sınavı notumun yüzdesel katkısı nedir?;;;;;;;;;;;;
159;Bitirme sınavına giremezsem ilgili derslerden kalır mıyım?;Final sınavına giremeyen öğrenciler Telafi(bütünleme) sınavına herhangi bir başvuru yapmadan girebilir. Telafi sınavının ham başarı puanına etkisi % 70 tir.;SINAV_HAKKINDA_BILGI-BITIRME_SINAVI_SHB-BILGI;Final sınavına katılamazsam dersten başarısız sayılır mıyım?;Bitirme sınavına girememe durumunda derslerden kalır mıyım?;Final sınavına katılmazsam derslerden kalmış olur muyum?;Bitirme sınavını kaçırırsam ilgili derslerden başarısız sayılacak mıyım?;Final sınavına giremezsem derslerden kalmış sayılır mıyım?;Bitirme sınavına katılamama durumum ders başarımı nasıl etkiler?;Final sınavını kaçırdığımda derslerden direk kalmış oluyor muyum?;Bitirme sınavına girememe halinde derslerden kalma durumu söz konusu mu?;;;;;;;;;;;;
160;Vize sınavına girmediğim dersin finaline girebilir miyim?;"Vize sınavına girmediğiniz dersin final sınavına  girebilirsiniz.
 Bir ders için Ham Başarı Puanı , ara sınavın %30 u, bitirme/telafi sınavlarının %70’i dikkate alınarak hesaplanır.";SINAV_HAKKINDA_BILGI-BITIRME_SINAVI_SHB-BILGI;Vize sınavını kaçırdığım bir derse final sınavında katılma hakkım var mı?;Vize sınavına katılmazsam final sınavına girebilir miyim?;Vize sınavına girmediğim dersin final sınavına girmem mümkün müdür?;Vizeye girememe durumunda final sınavı hakkım devam eder mi?;Vize sınavını kaçıran bir öğrenci olarak final sınavına katılabilir miyim?;Vize sınavına girmediğim bir ders için final sınavına katılma imkanım nedir?;Vize sınavına katılmadığım dersin finaline katılım sağlayabilir miyim?;Eğer bir dersin vize sınavını kaçırdıysam, final sınavına girebilir miyim?;;;;;;;;;;;;
161;Ara sınav (vize), bitirme (final) veya bütünleme (telafi) sınavına girmezsem ne olur?;Herhangi bir sebeple ara sınav, bitirme ve bütünleme(telafi) sınavlarına giremeyen veya sınavı geçersiz olan öğrenci bu derslerin sınavlarından sıfır (0) puan almış kabul edilir.;SINAV_HAKKINDA_BILGI-DIGER-BILGI;Vize, final veya bütünleme sınavlarına katılmazsam akademik sonuçlarım nasıl etkilenir?;Bir veya daha fazla sınavı kaçırmam durumunda ne gibi akademik yaptırımlarla karşılaşırım?;Sınavlara katılmama durumunda başarısızlık veya diğer olası sonuçlar nelerdir?;Vize veya final sınavlarına giremezsem derslerden kalma ihtimalim var mı?;Sınavlardan herhangi birine girememe durumunda derslerim etkilenir mi?;Sınavlara katılmadığım takdirde öğrenci statüm ne olur?;Vize, final veya bütünleme sınavlarına katılmazsam akademik durumum ne olur?;Bir dersin vize veya final sınavına katılmadığımda bu durum not ortalamama nasıl yansır?;;;;;;;;;;;;
162;Mezuniyete Üç Ders Sınavı başarı notu, nasıl hesaplanır. Ara sınav, bitirme ve bütünleme sınavı notları üç ders sınav notlarımı etkiler mi?;"Mezuniyete Üç Ders Sınavı başarı notu, mutlak değerlendirme sistemine göre hesaplanır; değerlendirmede ara sınav, yarı yılsonu bitirme ve bütünleme sınavı notları dikkate alınmaz. Geçme notu Mutlak değerlendirme aralıklarına göre 50 dir. İstanbul Üniversitesi Ön lisans ve Lisans Eğitim ve Öğretim Yönetmeliği’ne göre belirlenen ve Mezuniyete Üç Ders sınavında değerlendirme için kullanılan mutlak değerlendirme sistemi harf notu puan aralıklarına ""https://auzef.istanbul.edu.tr/tr/content/olcme-degerlendirme/mezuniyete-uc-ders-sinavi"" buradan ulaşabilirsiniz.";SINAV_HAKKINDA_BILGI-MEZUNIYETE_UC_DERS_SINAVI_SHB-BILGI;Mezuniyete Üç Ders Sınavındaki başarı notumun hesaplanma yöntemi nedir ve diğer sınav notlarım bu notu etkiler mi?;Üç Ders Sınavında alacağım not, diğer sınavlarımın notlarından bağımsız mı hesaplanır?;Mezuniyete Üç Ders Sınavı notumun hesaplanmasında ara sınav ve final notlarımın etkisi var mıdır?;Üç Ders Sınavında başarı puanım diğer sınav notlarımla nasıl bir ilişki içindedir?;Mezuniyete Üç Ders Sınavı not hesaplamasında ara sınav ve final notlarımın etkisi ne şekildedir?;Ara sınav, final ve bütünleme notlarımın, Mezuniyete Üç Ders Sınavına etkisi nedir?;Mezuniyet Üç Ders Sınavı notumun kalkülasyonunda diğer sınav notlarım dikkate alınır mı?;Üç Ders Sınavı başarı notumun hesaplanmasında, diğer sınavlardan aldığım notlar etkili olur mu?;Ara sınav, bitirme ve bütünleme sınavı notları mezuniyete üç ders sınav notlarımı etkiler mi?;;;;;;;;;;;
163;Açık öğretim öğrencisiyim herhangi bir dersten geçmem için en az kaç almalıyım?;"Başarı notunun belirlenmesi ve harf notları 
MADDE 23 – (1) Bitirme/bütünleme sınav notu değerlendirme alt sınırı esasları aşağıda 
belirtilmiştir:_ 
(2) ( Değişik: RG-18/09/2022- 31957) Ham Başarı Notu (HBN), öğrencilerin yarıyıl/yıliçi etkinlikleri 
ve yarıyıl/yılsonu sınavından aldığı puanın ağırlık katsayısına göre ortalamasının alınması ile 
hesaplanan puandır. Fakültemiz programlarında HBN, yarıyıl/yıl içi etkinleri için toplamda %30; 
yarıyıl/yılsonu sınavı için %70 oranında ağırlık katsayısı kullanılarak hesaplanır. 
(3) HBN’si 35’in altında kalan ve/veya bitirme/bütünleme sınavına hakkı olduğu hâlde girmeyen ya da 
devamsızlık sebebi ile giremeyen öğrencilerin notları bağıl değerlendirme sistemindeki hesaplamaya 
dâhil edilmez. Bunlardan HBN’si 35’in altında kalan ve/veya bitirme/bütünleme sınavına girmeyen 
öğrenciler doğrudan FF harf notu alarak kalırlar. HBN’si 100 olan öğrenciler bağıl değerlendirme 
sistemine dâhil edilmezler ve doğrudan AA alırlar. 
(4) Bağıl değerlendirme sisteminde başarı puanlarının harf notlarına çevrilmesinde Senato tarafından 
belirlenen esaslara göre tespit edilen formül kullanılır. 
(5) Bağıl değerlendirme aralıkları, değerlendirmeye katılan öğrenci sayısı ve bu öğrencilerin puanlarına 
göre oluşan standart sapma değeri dikkate alınarak Senato tarafından belirlenen esaslara göre tespit 
edilir. 
(6) Bütünleme sınavındaki HBN ortalaması bitirme sınavındaki HBN ortalamasından küçük veya eşit 
ise bütünleme sınavındaki harf notlarının aralıkları, bitirme sınavında oluşan aralıklar esas alınarak 
belirlenir. Diğer durumlarda ise bütünleme sınavının değerlendirmesi bağımsız yapılır.";SINAV_HAKKINDA_BILGI-DIGER-BILGI;Açık öğretimde bir dersi geçebilmek için gereken minimum not nedir?;Açık öğretimde bir dersten başarılı sayılmak için alınması gereken en düşük not kaçtır?;Açık öğretim sisteminde bir dersi geçmek için hangi not aralığında olmam gerekir?;Açık öğretimde ders geçme kriterleri nelerdir, başarılı olmak için hangi notu almalıyım?;Bir açık öğretim öğrencisi olarak derslerden geçmek için alınması gereken puan nedir?;Açık öğretimde bir dersten geçebilmek için minimum not sınırı kaçtır?;Açık öğretimde bir dersi başarıyla tamamlamak için alınması gereken en az puan nedir?;Açık öğretimde bir dersten geçebilmek için ihtiyacım olan not ne kadar olmalıdır?;dersinin harf notunu öğrenebilir miyim?;;;;;;;;;;;
164;Uzaktan öğretim öğrencisiyim herhangi bir dersten geçmem için en az kaç almalıyım?;"Uzaktan öğretim programlarında öğrencilerin, yarıyıl/yıl içi
etkinlik notlarına bakılmaksızın bir dersten koşullu veya doğrudan geçebilmeleri için en az 40 (kırk)
puan almaları gerekir. Bitirme/bütünleme sınavında bu değerlerin altında not alan veya bu sınavlara
girmeyen öğrenciler FF harf notu alarak başarısız sayılır.";SINAV_HAKKINDA_BILGI-DIGER-BILGI;Uzaktan öğretimde bir dersi geçmek için gerekli olan minimum not nedir?;Uzaktan eğitim sisteminde bir dersi başarıyla geçebilmek için alınması gereken en düşük not kaçtır?;Uzaktan öğretimde ders geçme notu ne kadar olmalıdır?;Uzaktan öğretimde bir dersten geçmek için gereken not aralığı nedir?;Bir uzaktan öğretim öğrencisi olarak derslerden geçebilmek için hangi puanı hedeflemeliyim?;Uzaktan eğitimde ders başarısı için minimum puan limiti nedir?;Uzaktan öğretimde bir dersten geçiş notu nedir, ne kadar almam gerekiyor?;Uzaktan öğretimde bir dersi geçmek için gereken puan nedir ve nasıl hesaplanır?;;;;;;;;;;;;
165;Ham Başarı Notu (HBN) nedir, nasıl hesaplanır?;"Ham Başarı Notu (HBN), öğrencilerin yarıyıl/yıliçi etkinlikleri ve yarıyıl/yılsonu sınavından aldığı puanın ağırlık katsayısına göre ortalamasının alınması ile hesaplanan puandır. Fakültemiz programlarında HBN, yarıyıl/yıl içi etkinleri için toplamda %30; yarıyıl/yılsonu sınavı için %70 oranında ağırlık katsayısı kullanılarak hesaplanır";SINAV_HAKKINDA_BILGI-DIGER-BILGI;Ham Başarı Notunun tanımı nedir ve bu notun hesaplanma yöntemi nasıldır?;Ham Başarı Notu (HBN) hesaplama süreci hakkında bilgi verebilir misiniz?;HBN kavramı ne anlama gelir ve bu notun hesaplaması nasıl yapılır?;AUZEF'te Ham Başarı Notu neyi ifade eder ve hesaplama metodu nedir?;HBN'nin tanımı ve hesaplanma formülü nedir?;Ham Başarı Notu (HBN) ne demektir ve nasıl hesaplanmaktadır?;HBN değeri neyi gösterir ve bu not nasıl hesaplanır?;Ham Başarı Notu nedir ve bu notun hesaplanış şekli nasıldır?;;;;;;;;;;;;
166;AUZEF'te Ham Başarı Notu (HBN) nedir, bir dersten koşullu ya da doğrudan geçmem için en az kaç almam gerekir?;"Ham Başarı Notu (HBN), öğrencilerin yarıyıl/yıl içi etkinlikleri ve yarıyıl/yılsonu sınavından aldığı puanın ağırlık katsayısına göre ortalamasının alınması ile hesaplanan puandır. Fakültemiz programlarında HBN, Ara sınavın %30'u; Final/Telafi sınavının %70'i alınarak HBN hesaplanır. 
HBN’si 35’in altında kalan ve/veya Final/Telafi sınavına hakkı olduğu hâlde girmeyen ya da
devamsızlık sebebi ile giremeyen öğrencilerin notları bağıl değerlendirme sistemindeki hesaplamaya
dâhil edilmez. Bunlardan HBN’ si 35’in altında kalan ve/veya bitirme/bütünleme sınavına girmeyen
öğrenciler doğrudan FF harf notu alarak kalırlar. HBN’ si 100 olan öğrenciler bağıl değerlendirme
sistemine dâhil edilmezler ve doğrudan AA alırlar.";SINAV_HAKKINDA_BILGI-DIGER-BILGI;AUZEF'te bir dersi koşullu veya doğrudan geçmek için gerekli olan Ham Başarı Notu minimumu nedir?;AUZEF'te HBN puan aralığı ne olmalıdır ki bir dersten geçeyim?;dersten geçmek için Ham Başarı Notumun en az ne kadar olması gerekir?;AUZEF'te dersten geçebilmem için gereken Ham Başarı Notu limiti nedir?;Bir dersi koşullu veya doğrudan geçmek için AUZEF'te en az alınması gereken HBN kaçtır?;AUZEF'te bir dersi geçebilmek için Ham Başarı Notunu nereden öğrenebilirim?;AUZEF'teki bir dersten geçmek için gereken Ham Başarı Notu (HBN) nedir?;AUZEF'te bir dersten geçebilmek için minimum HBN ne kadar olmalıdır?;Ham Başarı Notu (HBN) nedir;;;;;;;;;;;
167;AUZEF'te bağıl değerlendirme var mıdır, nasıl hesaplanır?;AUZEF'te notlar bağıl değerlendirmeye göre hesaplanır. Bağıl değerlendirme sisteminde başarı puanlarının harf notlarına çevrilmesinde Senato tarafından belirlenen esaslara göre tespit edilen formül kullanılır. Bağıl değerlendirme aralıkları, değerlendirmeye katılan öğrenci sayısı ve bu öğrencilerin puanlarına göre oluşan standart sapma değeri dikkate alınarak Senato tarafından belirlenen esaslara göre tespit edilir. Bütünleme sınavındaki HBN ortalaması bitirme sınavındaki HBN ortalamasından küçük veya eşit ise bütünleme sınavındaki harf notlarının aralıkları, bitirme sınavında oluşan aralıklar esas alınarak belirlenir. Diğer durumlarda ise bütünleme sınavının değerlendirmesi bağımsız yapılır.;SINAV_HAKKINDA_BILGI-DIGER-BILGI;AUZEF'te notlar bağıl değerlendirme ile mi hesaplanır?;AUZEF'te bağıl not değerlendirme sistemi kullanılıyor mu?;AUZEF not hesaplamasında bağıl değerlendirme nasıl yapılır?;AUZEF'te bağıl değerlendirme yöntemi nedir?;bağıl değerlendirme ile hesaplanma yöntemi?;AUZEF'te uygulanan bağıl değerlendirme sistemine dair bilgi almak istiyorum?;AUZEF notlarında bağıl değerlendirme kullanılıp kullanılmadığını nasıl öğrenirim?;AUZEF'te öğrenci notlarının belirlenmesinde bağıl değerlendirme metodu var mıdır?;;;;;;;;;;;;
168;AUZEF'te mazeret sınavı var mıdır, mazeret sınavına girebilir miyim?;Sınavlara katılmayan öğrenciler için mazeret sınavı veya başka bir tekrar sınavı yapılmaz. Final sınavına giremeyen ya da FF, DD, DC harf notlu dersi olan öğrenciler ilgili dersleri için telafi sınavına girebilmektedir.;SINAV_HAKKINDA_BILGI-DIGER-BILGI;AUZEF'te mazeret sınavı uygulaması mevcut mudur?;AUZEF'te kaçırdığım sınavlar için mazeret sınavına başvurabilir miyim?;Eğer bir sınavı kaçırırsam AUZEF'te mazeret sınavına girebilir miyim?;AUZEF'te mazeret sınavı olanakları var mı ve nasıl başvurabilirim?;AUZEF'te mazeret sınavına katılmak için ne yapmalıyım?;AUZEF'te mazeret sınavı düzenleniyor mu katılma şartları nelerdir?;Mazeret sınavı hakkı AUZEF'te nasıl işliyor ve başvuru koşulları nedir?;AUZEF'te mazeret sınavı var mı katılma şansım nedir?;mazeret sınavına katılma hakkım var mı?;;;;;;;;;;;
169;Daha önce almadığım dersler için mezuniyete üç ders sınavına başvurabilir miyim?;"Daha önce alınmamış veya devamsızlıktan kalınan ders/dersler için Mezuniyete Üç Ders Sınavı hakkı yoktur ve sınav için başvuru yapamazsınız.
Daha önce alınmamış bir ders için mezuniyete üç ders sınavına girilemez.";SINAV_HAKKINDA_BILGI-MEZUNIYETE_UC_DERS_SINAVI_SHB-BILGI;Daha önceden almadığım dersler için Mezuniyete Üç Ders Sınavına başvurma hakkım var mı?;Mezuniyete Üç Ders Sınavında henüz almadığım dersler için sınava girme imkanım nedir?;Henüz kayıt olmadığım dersler için Mezuniyete Üç Ders Sınavına katılabilir miyim?;Mezuniyete Üç Ders Sınavına daha önce hiç almadığım dersler için başvuru yapabilir miyim?;Üç Ders Sınavına, daha önce programımda yer almayan dersler için de başvurabilir miyim?;Hiç almadığım bir ders için Mezuniyete Üç Ders Sınavından yararlanabilir miyim?;Önceden almadığım dersler için Üç Ders Sınavına girebilir miyim?;Daha önce almadığım dersler için Üç Ders Sınavına girebilir miyim?;;;;;;;;;;;;
170;Harf notumu nasıl öğrenebilirim?;Final (Bitirme) veya Telafi (Bütünleme) sınav sonuçları AKSİS' te ilan edildikten sonra tüm derslerin bağıl değerlendirmesi yapılarak harf notları ilan edilir. AKSİS Not Kartı ekranı ve Sınav Sonuçları ve Notlar kısmından veya Öğrenme Yönetim Sistemi üzerindeki Sınav Sonuçları ekranından görüntüleyebilirsiniz.;SINAV_HAKKINDA_BILGI-HARF_NOTU_SHB-BILGI;Harf notlarımı görüntülemek istiyorum?;Harf notlarımı kontrol etmek için nereye bakmalıyım?;Harf notlarımı nereden ve nasıl öğrenebilirim?;Harf notlarımın ne olduğunu öğrenmek için hangi adımları izlemeliyim?;Harf notlarıma ulaşmak için hangi platformu kullanmam gerekiyor?;Derslerimin harf notlarını görüntüleyebileceğim online sistem nedir?;Kendi harf notlarımı sorgulamak için hangi kaynakları kullanabilirim?;Derslerime ait harf notlarını nereden öğrenebilirim?;;;;;;;;;;;;
171;Mezuniyete Üç Ders Sınavına kimler başvurabilir?;"Mezuniyete üç ders sınavına, mezuniyet şartlarını sağlayan; ancak en fazla 3 dersten başarısız durumda olan öğrenciler başvurabilmektedir. Üç ders sınav başvuruları öncesinde web sayfamızda sınav duyuru şartları yayımlanmaktadır. Ayrıntılı bilgiye ""https://auzef.istanbul.edu.tr/tr/content/olcme-degerlendirme/mezuniyete-uc-ders-sinavi"" buradan ulaşabilirsiniz.";SINAV_HAKKINDA_BILGI-MEZUNIYETE_UC_DERS_SINAVI_SHB-BILGI;Mezuniyete Üç Ders Sınavına başvuru koşulları nelerdir ve kimler başvurabilir?;Mezuniyete Üç Ders Sınavına hangi öğrenciler katılabilir?;Mezuniyete Üç Ders Sınavı için uygun olan öğrenci profili nedir?;Üç Ders Sınavına başvurabilecek öğrenci kriterleri nelerdir?;Mezuniyete Üç Ders Sınavına katılmak için ne gibi şartları taşımam gerekiyor?;Üç Ders Sınavına kimler müracaat edebilir ve başvuru kriterleri nelerdir?;Mezuniyete Üç Ders Sınavına başvurabilmek için hangi öğrenciler uygun görülmektedir?;Üç Ders Sınavına başvuru için gereken şartlar ve uygun öğrenci profili nedir?;;;;;;;;;;;;
172;Mezuniyete Üç Ders Sınavı tarihleri ne zamandır?;"Mezuniyete üç ders sınavı, akademik takvimde de belirtildiği gibi sadece bahar yılı sonlarında gerçekleştirilmektedir. Sınav tarihi ""https://auzef.istanbul.edu.tr/tr/content/akademik-takvim/sinav-tarihleri"" web sayfamızda yayınlanmakta olup, başvuru adımları ile ilgili tüm bilgilendirmeler duyuru olarak web sayfamızdan paylaşılmaktadır.";SINAV_HAKKINDA_BILGI-MEZUNIYETE_UC_DERS_SINAVI_SHB-BILGI;Mezuniyete Üç Ders Sınavının yapılacağı tarihler ne zaman açıklanır?;Üç Ders Sınavının tarihleri genellikle ne zaman belirlenir ve ilan edilir?;Mezuniyete Üç Ders Sınavı tarihleri her dönem ne zaman duyurulur?;Mezuniyete Üç Ders Sınavı için sınav takvimi ne zaman yayınlanır?;Mezuniyete Üç Ders Sınavının düzenleneceği tarih aralıkları nelerdir?;Üç Ders Sınavı için belirlenen tarihler hakkında bilgi alma istiyorum?;Mezuniyete Üç Ders Sınavının gerçekleştirileceği tarihler ne zaman?;Mezuniyete yönelik Üç Ders Sınavının düzenleneceği dönemler ve bu dönemlerin tarihleri ne?;;;;;;;;;;;;
173;Klasik sınav sonuçları neden geç ilan ediliyor?;Klasik sınavlardaki sınav kâğıtları ilgili dersin öğretim görevlisine gönderilir, öğretim görevlisi kâğıtları okur ve sonuçları Fakültemize gönderir. Bu işlemlerden sonra sonuçlar ilan edilir. Bu sebepten klasik sınavların not ilanında gecikmeler yaşanabilir.;SINAV_HAKKINDA_BILGI-DIGER-BILGI;Klasik sınav sonuçlarının geç açıklanmama sebepleri neler olabilir?;klasik Sınav sonuçlarının ilanında gecikme yaşanmasının muhtemel nedenleri nedir?;Klasik sınav sonuçlarım neden beklenenden geç açıklanıyor?;klasik Sınav sonuçlarının gecikmeli olarak duyurulmasının sebebi ne?;klasikSınav sonuçlarının ilanında yaşanan gecikmelerin genel sebepleri nedir?;klasikSınav değerlendirme süreçlerindeki gecikmenin muhtemel açıklamaları nelerdir?;Klasik sınav sonuçlarının neden geç duyurulduğu ile ilgili olası gerekçeler neler olabilir?;Sınav sonuçlarımın geç açıklanmasının sebeplerini nasıl öğrenebilirim ve bu süreç genellikle neden uzar?;;;;;;;;;;;;
174;Klasik sınav sonuçlarıma nereden ulaşabilirim?;Klasik sınavlar sadece AKSİS otomasyon sisteminden ilan edilir. Bu ilana kadar auzefsinav.istanbul.edu.tr adresinde klasik sınav sonuçları 0 olarak görünmektedir. Bu sonuçlar dikkate alınmamalıdır.;SINAV_HAKKINDA_BILGI-DIGER-BILGI;Klasik sınav sonuçlarımı kontrol etmek için hangi platformları ziyaret etmeliyim?;Sınav sonuçlarımı öğrenmek için hangi kanallara başvurmalıyım?;Klasik sınav sonuçlarına erişim için hangi adımları takip etmem gerekiyor?;Klasik sınav sonuçlarımı nereden ve nasıl kontrol edebilirim?;Klasik sınavlarımın sonuçlarına nasıl ulaşabilirim ve süreç nasıl işlemektedir?;Sınav sonuçlarımı görüntüleyebileceğim web sitesi ya da platform hangisi?;Klasik sınav sonuçlarımı nereden takip edebilirim?;Klasik sınavlarımın değerlendirme sonuçlarına ulaşmak için ne yapmam gerekiyor?;;;;;;;;;;;;
175;Açık öğretim programlarının canlı dersleri var mı?;"Açık öğretim programlarında ""Canlı Ders"" uygulaması yoktur. Derslere ilişkin videolar haftalık konuların anlatıldığı Ders Videoları şeklinde yayınlanmaktadır.";DERS_MATERYALLERI-CANLI_DERS_ISLEYIS_ANLATIMI-DESTEK;Açık öğretimde sunulan programlar kapsamında canlı dersler düzenleniyor mu?;Açık öğretim sistemi içinde canlı ders anlatımı oluyor mu ve bu derslere nasıl erişebilirim?;Açık öğretim programları içerisinde öğrencilere canlı ders seçeneği sunulmakta mıdır?;Açık öğretimde öğrencilere canlı ders imkanı sağlanıyor mu, sağlanıyorsa bu dersler nasıl işleniyor?;Açık öğretim öğrencileri için canlı dersler mevcut mu ve bu dersler nasıl takip edilir?;Açık öğretimde canlı ders anlatımı gerçekleştiriliyor mu ve bu derslere katılım nasıl sağlanır?;Açık öğretimde sunulan canlı dersler var mı ve bu derslere nasıl katılabilirim?;Açık öğretim eğitim programları kapsamında canlı ders uygulaması bulunmakta mı?;;;;;;;;;;;;
176;Canlı derslere katılımda devam zorunluluğu var mı?;Fakülte bünyesinde yer alan programlarda yürütülen dersler için (canlı dersler dahil) devam zorunluluğu yoktur.;DERS_MATERYALLERI-CANLI_DERS_ISLEYIS_ANLATIMI-DESTEK;Açık öğretimde canlı derslere katılma zorunluluğum var mı yoksa bu katılım isteğe bağlı mıdır?;Canlı derslere düzenli olarak katılmam gerekiyor mu?;Açık öğretim programında canlı derslere devam etme zorunluluğu bulunuyor mu?;Canlı derslere katılım zorunlu mu yoksa katılmadığım takdirde bir yaptırım olacak mı?;Açık öğretim canlı derslerine katılmam gerektiğinde bir devam yükümlülüğü var mıdır?;Canlı derslere katılmak için herhangi bir devam zorunluluğu var mı?;Açık öğretimde verilen canlı dersler için katılım zorunlu mudur ?;Canlı derslere katılımım zorunlu tutuluyor mu?;;;;;;;;;;;;
177;Canlı derse katılamadığım takdirde tekrarını nasıl izlerim?;"Canlı ders videoları kaydedilmekte ve düzenleme işlemi sonrasında sisteme yüklenmektedir. Canlı derse katılım sağlama ve arşiv videolarına ulaşmak için AKSİS ""AUZEF Öğrenme Yönetim Sistemi"" alanına giriş yapılmalıdır. Canlı derslere sadece uzaktan öğretim programı öğrencileri giriş sağlayabilmektedir. Uzaktan öğretim programlarına kayıt olmak için öğrencilerin ÖSYM sınavlarına girmiş ve programa yerleştirilerek kayıt yaptırmış olması gerekmektedir.  ";DERS_MATERYALLERI-CANLI_DERS_ISLEYIS_ANLATIMI-DESTEK;Canlı dersi kaçırırsam, dersin tekrarını nereden ve nasıl izleyebilirim?;Bir canlı ders seansını kaçırdığımda, dersin tekrarı için ne yapmam gerekiyor?;Canlı derslere katılamama durumumda, ders içeriğini sonradan izleyebileceğim bir sistem mevcut mu?;Canlı dersin tekrarını izleme seçeneklerim nelerdir ve bu içeriklere nasıl erişirim?;Kaçırdığım canlı dersleri sonradan izleyebilmem mümkün mü?;Canlı dersi kaçırırsam, o dersin tekrar kaydını nereden bulabilirim?;Canlı derse katılamadım, dersin tekrarını izlemek istiyorum?;Canlı dersi kaçırdığım zaman, bu dersin tekrarını nasıl ve nereden takip edebilirim?;;;;;;;;;;;;
178;Kesin kayıt işlemini tamamlamış bir öğrenci canlı derse nasıl girebilir?;"Canlı derslere sadece uzaktan öğretim programı öğrencileri giriş sağlayabilmektedir. Uzaktan öğretim programlarına kayıt olmak için öğrencilerin ÖSYM sınavlarına girmiş ve programa yerleştirilerek kayıt yaptırmış olması gerekmektedir. Canlı Ders programına AKSİS ""AUZEF Öğrenme Yönetim Sistemi"" alanından ulaşılır. ";DERS_MATERYALLERI-CANLI_DERS_ISLEYIS_ANLATIMI-DESTEK;Kayıt işlemlerimi bitirdikten sonra canlı derslere giriş yapmak için ne yapmalıyım?;Kayıt sürecini tamamlamış bir öğrenci olarak canlı derslere katılım sağlama yöntemi nedir?;Tam kayıtlı bir öğrenci olarak canlı derslere nasıl erişebilirim?;Kaydımı tamamladıktan sonra canlı derslere nasıl katılabilirim ve süreç nasıl işler?;Kesin kayıtlı bir öğrenci olarak canlı derslere giriş yapmak için hangi adımları takip etmeliyim?;Tam kayıt sürecini bitirmiş bir öğrenci olarak canlı ders seanslarına nasıl katılabilirim?;Kesin kaydımı yaptırdıktan sonra canlı dersler için ne gibi işlemler yapmam gerekiyor?;Kesin kayıt işlemini tamamladığım durumda, canlı derslere katılmak için ne yapmalıyım?;;;;;;;;;;;;
179;"AKSİS sistemine giriş yapabiliyorum; ancak AUZEF Öğretim Öğrenme Yönetim Sistemine giriş yapamıyorum ne yapmalıyım?";"AKSİS kullanıcı adı ve şifreniz ile AKSİS sistemine giriş yapıyor ancak; AUZEF Öğrenme Yönetim Sistemine girişte sorun yaşıyorsanız, ""https://auzefcozum.istanbul.edu.tr/"" buradan talep oluşturunuz.";SISTEMLERE_GIRIS_PROBLEMLERI_BILGI_GUNCELLEME-SISTEMSEL_SORUNLAR-DESTEK;AKSİS'e erişebiliyorken AUZEF Öğretim Öğrenme Yönetim Sistemine erişememe sorunu için çözüm yolları nelerdir?;AKSİS sistemine sorunsuz giriş yaptığımda ancak AUZEF eğitim platformuna girişte sorun yaşıyorsam bunun sebebi ne olabilir?;AKSİS sistemine girebiliyorum ama AUZEF Öğretim Öğrenme Yönetim Sistemi'ne girişimde problem var.;Eğer AKSİS'e erişimim var fakat AUZEF eğitim sisteminde giriş yapamıyorsam, sorunu nasıl çözebilirim?;AKSİS sistemine girişte bir sıkıntı yaşamıyorken AUZEF öğrenim sistemine erişemiyorum, bu teknik bir sorun mu?;AKSİS'e girişim aktifken AUZEF platformuna girişte neden sorun yaşadığımı öğrenmek istiyorum.;AKSİS girişimde bir problem yok ama AUZEF Öğretim Sistemine giremiyorum;AKSİS'e erişim sağlayabiliyorum ama AUZEF'in eğitim sistemine giremiyorum;;;;;;;;;;;;
180;Bir dersin kredi AKTS miktarını nasıl öğrenebiliirim?;"Tüm AUZEF programlarının derslerine ait kredi miktarı ve AKTS yükü ilgili programın sayfalarında yayınlanmaktadır.
Kredi ve AKTS bilgilerinize aşağıdaki adımları izleyerek ulaşabilirsiniz;

- İÜ AUZEF web sitesi olan auzef.istanbul.edu.tr adresine girilir.
-Girilen sayfanın üst menü bandında bulunan ‘Programlar’ sekmesinden kayıt olunan programın ismine tıklanır.
-Ekrana gelecek olan yeni sayfa öğrencinin kayıt olduğu programa ait ‘Bölüm Sayfası’ dır.
- Bölüm sayfasının üst kısmından ‘Dersler’ sekmesine tıklanır. Açılan seçeneklerden ilgili dersin bulunduğu yıl seçilir.
-Açılan sayfada ilgili derslerin kredi ve AKTS bilgileri yer alır. Aynı sayfa üzerindeki 'Derse' tıklanarak dersler hakkında detaylı bilgiye ulaşılabilir.";KAYIT_YENILEME_ODEME-KAYIT_YENILEME_ISLEMLERI-BILGI;Bir dersin ne kadar kredi veya AKTS değerine sahip olduğunu nereden öğrenebilirim?;Derslerin kredi veya AKTS puanlarını öğrenmek için ne yapmalıyım?;Derslerin kredi ya da AKTS miktarı bilgisine nasıl ulaşırım?;Kaydolduğum bir dersin kredi veya AKTS değerini nasıl bulabilirim?;Her ders için belirlenen kredi veya AKTS miktarlarını nereden öğrenirim?;Bir ders için öngörülen kredi veya AKTS miktarına nereden erişirim?;Derslerin kredi ve AKTS bilgilerini nereden edinebilirim?;Öğrenci olarak, bir dersin kredi veya AKTS miktarını bulmak için nereye bakmalıyım?;;;;;;;;;;;;
181;Kayıtlı olduğum programın ders materyallerine nasıl erişebilirim?;"AUZEF programlarına kayıtlı tüm öğrenciler  AKSİS den  ""AUZEF Öğrenme Yönetim Sistemi"" alanına tıklayarak ders materyallerine ulaşır. Ders materyallerine akademik takvimde ilan edilen eğitim öğretim başlangıç tarihlerinden itibaren  ulaşılır. Öğrenciler ""Derslerim"" alanından dersin üzerine tıklayarak dersin materyallerine ulaşır. Materyaller içinde Kitap (eKitap), Ünite, Konu anlatımı(video), Ünite sunumları, Sorularla Öğrenelim alanları bulunur.";DERS_MATERYALLERI-DERS_ISLEYIS_ANLATIMI-DESTEK;Programıma ait ders materyallerini nereden ve nasıl indirebilirim?;Kaydolduğum programın ders içeriklerine ulaşmak istiyorum;Ders materyallerini görüntüleme ve indirme işlemi nasıl yapılır?;Programımdaki ders içeriklerine ulaşmak istiyorum;Ders materyallerine erişmek için kullanmam gereken online kaynaklar nelerdir?;Ders içeriklerine ve materyallerine ulaşım sağlamak için ne yapmam gerekiyor?;Ders dokümanları ve öğrenim materyallerini nasıl temin edebilirim?;Kaydolduğum derslerin materyallerini görüntüleme ve indirme süreci hakkında bilgi almak istiyorum.;;;;;;;;;;;;
182;Ders notlarını bilgisayarıma nasıl yükleyebilirim?;"AKSİS ""AUZEF Öğrenme Yönetim Sistemi"" ""Derslerim"" ""Ders İçerikleri"" ""Derse Git"" alanlarını tıklayınız. Kitap( eKitap) görüntüle dedikten sonra sağ üstte yer alan ""Yazdır"" ikonuna tıklayarak, PDF formatında ders kitabınızı bilgisayarınıza indirebilirsiniz.";DERS_MATERYALLERI-DERS_KITABI_SUNUM_INDIRME-DESTEK;Ders notlarını bilgisayarıma indirme işlemi için ne yapmalıyım?;Ders notlarını bilgisayarıma kaydetme adımları nelerdir?;Ders notları ve dokümanlarını bilgisayarıma aktarma yöntemi nedir?;Online ders notlarımı bilgisayarıma nasıl ve nereden indirebilirim?;Ders notlarını indirip bilgisayarımda nasıl saklayabilirim?;Ders notlarımı bilgisayarıma yüklemek için hangi işlemleri gerçekleştirmem gerekiyor?;Ders materyallerini ve notlarını bilgisayarıma indirme rehberi nedir?;Ders içeriğini ve notlarını bilgisayarıma transfer etmek istiyorum;;;;;;;;;;;;
183;Ders videolarını nasıl seyrederim?;"AKSİS ""AUZEF Öğrenme Yönetim Sistemi"" ""Derslerim"" ""Ders İçerikleri"" ""Derse Git"" alanlarını tıklayınız. Konu Anlatımı(Video) alanından ünite bazlı ders videolarınızı görüntüleyebilirsiniz.";DERS_MATERYALLERI-DERS_ISLEYIS_ANLATIMI-DESTEK;Ders videolarını izlemek için nereye girmeli ve ne yapmalıyım?;Ders videolarını online olarak nereden ve nasıl izleyebilirim?;Ders videolarına nereden erişirim?;Eğitim videolarını seyretmek için hangi adımları izlemem gerekiyor?;Online ders videolarını izlemek için kullanmam gereken platform hangisi?;Ders videolarını nasıl izleyeceğim hakkında bilgi alabilir miyim?;Ders videolarını izlemek için ne yapmalıyım?;Derslerle ilgili video içeriklerine nasıl ulaşırım ve izlerim?;online ders videolarını nasıl seyrederim?;;;;;;;;;;;
184;Derslere ilişkin örnek soruları nasıl görüntüleyebilir ve çözebilirim?;"AUZEF programlarına kayıtlı tüm öğrenciler  AKSİS den  ""AUZEF Öğrenme Yönetim Sistemi"" alanına tıklayarak ders materyallerine ulaşır.
Ders materyallerine akademik takvimde ilan edilen eğitim öğretim başlangıç tarihlerinden itibaren  ulaşılır. 
Öğrenciler ""Derslerim"" ""Ders İçeriklerim"" ""Derse Git"" alanına tıklayarak dersin materyallerine ulaşır. 
Materyaller içinde Kitap (eKitap), Ünite, Konu anlatımı(video), Ünite sunumları, Sorularla Öğrenelim alanları bulunur.
Sorularla öğrenelim alanından öğrencilerimiz ünitelere göre dersin sorularına ulaşır.";DERS_MATERYALLERI-DERS_ISLEYIS_ANLATIMI-DESTEK;Derslerle ilgili örnek soruları nereden bulabilir ve bu sorular üzerinde çalışmalar yapabilirim?;Dersler için verilen örnek sorulara erişim ve çözüm süreci nasıl işler?;Derslerin örnek soru setlerini nereden indirebilir ve nasıl çözebilirim?;Örnek ders sorularını görüntüleme ve çözme işlemi için hangi adımları takip etmeliyim?;Derslerin pratik soru örneklerini nereden temin edebilirim ve çözüm yöntemleri nelerdir?;Derslere ait örnek soruları ve alıştırmaları nereden bulabilirim ve bunlar üzerinde nasıl çalışabilirim?;Dersler için sağlanan örnek sorulara nasıl ulaşırım ve çözüm yollarını nasıl öğrenebilirim?;Derslerimle ilgili örnek alıştırmaları ve soruları nasıl görebilirim ve bunları nasıl çözmeye başlayabilirim?;;;;;;;;;;;;
185;Derslere ilişkin uygulamaları (uygulama sorularını) nasıl tamamlarım?;"AUZEF programlarına kayıtlı tüm öğrenciler  AKSİS den  ""AUZEF Öğrenme Yönetim Sistemi"" alanına tıklayarak ders materyallerine ulaşır.
Ders materyallerine akademik takvimde ilan edilen eğitim öğretim başlangıç tarihlerinden itibaren  ulaşılır. 
Öğrenciler ""Derslerim"" ""Ders İçeriklerim"" ""Derse Git"" alanına tıklayarak dersin materyallerine ulaşır. 
Materyaller içinde Kitap (eKitap), Ünite, Konu anlatımı(video), Ünite sunumları, Sorularla Öğrenelim alanları bulunur. 
Sorularla öğrenelim alanından öğrencilerimiz ünitelere göre dersin sorularına ulaşır.";DERS_MATERYALLERI-DERS_ISLEYIS_ANLATIMI-DESTEK;Dersler için verilen uygulama sorularını tamamlama?;Derslere ait uygulama alıştırmalarını nasıl yapabilirim?;Uygulama sorularını çözerek ders uygulamalarını nasıl bitirebilirim?;Derslerime ait uygulama çalışmalarını nasıl tamamlayabilirim ve bu konuda kaynaklar nerede?;Derslerimdeki uygulama sorularını tamamlamak istiyorum?;Derslerin uygulama sorularını çözmek için hangi adımları izlemeliyim ve nereden başlamalıyım?;Dersler için önerilen uygulama sorularını çözme ve tamamlama kılavuzu nedir?;Derslerimin uygulama sorularını nasıl çözerim?;Derslerime ilişkin uygulama sorularını nereden bulabilirim?;;;;;;;;;;;
186;Derslerimi nasıl görüntüleyebilirim?;"Derslerin AUZEF Öğrenme Yönetim Sisteminde görülebilmesi için «Kesin Kayıt» ta olması gerekmektedir. Ödeme yapılmaması ya da dersler «Ders Danışman Onaylandı» veya «Danışman Onay Bekliyor» olduğunda ders seçimi tamamlanmamıştır ve öğrenciler bu durumda sisteminde dersi göremez ve dersin sınavına giremez. Bu öğrenciler derslerinin kesin kayıtta olması için ""https://auzefcozum.istanbul.edu.tr/"" buradan Fakülteyle iletişime geçmelidir.";DERS_MATERYALLERI-DERS_ISLEYIS_ANLATIMI-DESTEK;Kayıtlı olduğum dersleri online olarak nereden inceleyebilirim?;Derslerime erişim için hangi platform veya sistemleri kullanmam gerekmektedir?;Derslerimi görüntülemek için ne yapmam gerekiyor ve bu bilgilere nereden ulaşabilirim?;Ders listemi ve içeriklerini hangi kanal üzerinden görebilirim?;Ders programımı ve kayıtlı olduğum dersleri nasıl görebilirim?;Öğrenci olarak derslerimi görüntüleme işlemini nereden yapabilirim?;Ders takvimimi ve ders içeriklerimi görüntülemek için hangi adımları izlemeliyim?;Derslerimi ve ders programımı kontrol etmek için hangi online sisteme giriş yapmalıyım?;;;;;;;;;;;;
187;Derslerime senkronize işlemi yapılmasına rağmen hala sistemimde görünmüyor ne yapmalıyım?;Ders seçim işlemi yapılmış ve senkronize işlemi yapılmasına rağmen ders listesinde eksik bir ders var ise sebebi teknik bir problem olabilir, Çözüm Merkezi Öğrenci İşleri-Ders Seçimi-Ders Seçim İşlemleri ketegorisinden talep açmanız gerekmektedir;DERS_SECIMI_MUAFIYET-DERS_EKLE_SIL-DESTEK;Senkronizasyon sonrası derslerimin sistemde görünmemesi durumunda nasıl bir yol izlemeliyim?;Derslerimin sisteme yüklenmesi için senkronizasyon yapıldı ama görünmüyor?;Ders senkronizasyon işlemi tamamlanmasına rağmen derslerim sistemde listelenmiyor;Derslerim sisteme senkronize edilmiş olmasına rağmen görüntüleyemiyorum;Ders senkronizasyonu gerçekleştiği halde derslerim gözükmüyor;Derslerim eğitim sistemime senkronize edildi ancak erişemiyorum;Derslerimin sistemimde gözükmemesi problemi için ne yapmam gerekir.;Ders senkronizasyonu yapıldı fakat derslerim hâlâ sistemde aktif değil;;;;;;;;;;;;
188;Ders kitaplarını ve sunumları çıktı olarak alabilir miyim?;"Ders kitaplarını ve sunumları bilgisayara pdf olarak kaydetme ve çıktı almak için yazdır butonu kullanılmaktadır. Detaylara ""https://youtu.be/0eGEHCHjXLM"" buradan ulaşabilirsiniz.";DERS_MATERYALLERI-DERS_KITABI_SUNUM_INDIRME-DESTEK;Ders kitapları ve sunumları için çıktı almam mümkün mü ve bu materyallere nasıl erişebilirim?;Ders materyallerini yazdırıp çıktı olarak alabilir miyim, izin veya erişim şartları nelerdir?;Ders kitapları ve sunum dokümanlarını çıktı alabileceğim bir formatta nereden temin edebilirim?;Ders içeriklerini ve sunumları kağıt üzerinde incelemek için nasıl bir çıktı alabilirim?;Ders kitapları ve sunumlarını fiziksel kopya olarak elde etmek istiyorum;Derslerime ait kitap ve sunumları yazıcıdan çıktı almak için ne yapmalıyım?;Ders malzemelerini kendi bilgisayarımdan çıktı olarak alabileceğim bir yol var mı.;Ders sunumları ve kitaplarını çıktı olarak almak istiyorum;;;;;;;;;;;;
189;Açık öğretim programlarında hangi materyaller bulunmaktadır?;Materyaller içinde Kitap (eKitap), Ünite, Konu anlatımı(video), Ünite sunumları, Sorularla Öğrenelim alanları bulunur. Sorularla öğrenelim alanından öğrencilerimiz ünitelere göre dersin sorularına ulaşır.;DERS_MATERYALLERI-DIGER-DESTEK;Açık öğretim programlarında sağlanan öğrenim materyalleri nelerdir ve bu materyallere nasıl erişirim?;Açık öğretim eğitim materyalleri kapsamında hangi tür içerikler sunulmaktadır?;Açık öğretim kurslarında öğrencilere hangi öğrenme malzemeleri sağlanıyor ve bunlara erişim imkanlarım nelerdir?;Açık öğretim programı kapsamında hangi eğitim materyallerine ulaşabilirim?;Açık öğretimde öğrencilere sunulan ders malzemeleri ve destek materyalleri nelerdir?;Açık öğretimde kullanılan öğretim materyalleri neleri kapsamaktadır?;Açık öğretimde sunulan ders kaynakları ve yardımcı malzemeleri nasıl görebilirim?;Açık öğretim sistemlerinde hangi tür eğitim kaynakları mevcuttur ve?;;;;;;;;;;;;
190;Uzaktan öğretim programlarında hangi materyaller bulunmaktadır?;"Uzaktan öğretim programları öğrencileri, AKSİS ""AUZEF Öğrenme Yönetim Sistemi"" üzerinden ders materyallerine; Kitap (eKitap), Ünite, Konu anlatımı(video), Ünite sunumları, Sorularla Öğrenelim alanları ve sistemleri üzerinden arşivlenmiş ders videolarına ulaşabilirler. 
Canlı derslere katılım zorunlu değildir, öğrenciler canlı ders videolarına  arşivlendikten sonra sistem üzerinden ulaşabilir.";DERS_MATERYALLERI-DIGER-DESTEK;Uzaktan öğretim programlarında kullanılan öğrenim materyalleri neleri kapsar ve bu materyallere nasıl erişirim?;Uzaktan eğitim kursları kapsamında sağlanan ders materyalleri nelerdir?;Uzaktan öğretimde öğrencilere sunulan materyal türleri nelerdir.;Uzaktan eğitim programlarında hangi öğretim kaynakları mevcut?;Uzaktan eğitim sistemlerinde öğrencilere hangi tür ders malzemeleri sunulmaktadır?;Uzaktan öğretim programlarında sunulan eğitim malzemelerine erişim?;Uzaktan eğitimde hangi öğretim materyalleri bulunur.;Uzaktan öğretimde sağlanan ders kaynakları nelerdir?;;;;;;;;;;;;
191;Üstten aldığım derslerimden FF harf notlu dersim var üstten ders alabilir miyim?;Kayıt yaptırdığı öğretim yılının ikinci yarıyılından itibaren alması gereken tüm derslerinden başarılı olanlardan AGNO’su 2,50 ve üstünde olan öğrenciler geçtikleri yarıyılın derslerinin yanında ön şartlı veya bağlantılı şartlı olmayan üst yarıyılın ders/derslerini de alabilir. Bunun için öğrencinin gelmiş olduğu sınıfa kadar olan bütün dersleri ile varsa üstten aldığı dersleri de almış ve başarmış olması gerekir.;DERS_SECIMI_MUAFIYET-DERS_EKLE_SIL-BILGI;FF notu aldığım bir dersten üst sınıflardan ders alma imkanım var mı?;Üstten ders almak istiyorum ama bir dersim FF?;FF harf notu olan bir derse sahipsem, üstten ders alma hakkım etkilenir mi?;Üst sınıflardan ders almak istediğimde FF notlu dersimin bir engeli olur mu?;FF aldığım bir dersten dolayı üstten ders almak için ne yapmam gerekiyor?;Üst sınıf derslerini alabilmek için FF notu taşıdığım bir dersten geçmiş olmam gerekiyor mu?;FF not aldığım dersler varken, üst sınıf derslerine kaydolabilir miyim?;Bir dersten FF not almış olmam, üst sınıf derslerini alabilmem için bir engel teşkil eder mi?;;;;;;;;;;;;
192;Bölüm Sonu Sorularında (çalışma sorularında) hatalı cevap olduğunu düşünüyorum?;"Hatalı olduğunuz düşündüğünüz bölüm sonu sorularına ait talebinizi aşağıda ki detayları belirterek ÇÖZÜM merkezinden  ""Ders Materyalleri - Ders Kitabı - Kitap Sunum Uyuşmazlığı"" kategorisini seçerek iletebilirsiniz. 
1) Dersin Adı
2) Sorunun bulunduğu hafta ve soru numarası";DERS_MATERYALLERI-DERS_KITABI_EKSIKLIGI_GORUNTULEME_HATASI-DESTEK;Bölüm sonu sorularındaki bir cevabın yanlış olduğunu fark ettim?;Çalışma sorularında yanlış cevap tespit ettiğimde ne yapmalıyım.;Ders materyallerinde hatalı olduğunu düşündüğüm cevaplar için ne yapmalıyım?;Çalışma sorularında bir sorunun cevabının yanlış olduğunu düşünüyorsam ne yapmalıyız?;Bölüm sonu çalışma soruları ile ilgili yanlış bilgi bulduğumda bu bilgiyi düzeltmek için ne yapmalıyım?;Çalışma sorularında bulduğum yanlışları nasıl bildirebilirim?;Çalışma sorularında hata olduğunu nasıl bildirebilirim?;Derslerle ilgili bölüm sonu sorularında yanlış cevaplar fark ettiğimde kiminle iletişime geçmeliyim?;;;;;;;;;;;;
193;AUZEF Mobil hangi işletim sistemlerinde kullanılmaktadır?;iPad veya iPhone cihazlara sahip olan öğrencilerimizin mobil işletim sistemi olarak iOS 7 ve üzeri versiyon kullanmaları gerekmektedir.Android işletim sistemine sahip mobil cihazları bulunan öğrencilerimizin Android 4 veya üzeri bir versiyon kullanmaları gerekmektedir.;AUZEF_MOBIL_PROBLEMLERI-DIGER-DESTEK;AUZEF Mobil uygulaması hangi işletim sistemleri tarafından desteklenmektedir?;AUZEF Mobil'i hangi mobil cihazlar ve işletim sistemleri üzerinde kullanabilirim?;AUZEF Mobil uygulamasını kullanmak için uyumlu işletim sistemleri nelerdir?;Hangi platformlarda AUZEF Mobil uygulamasını bulabilirim.;AUZEF Mobil uygulaması iOS ve Android gibi işletim sistemlerinde mevcut mu?;AUZEF Mobil'i kullanabilmek için hangi işletim sistemlerine sahip olmam gerekiyor?;AUZEF Mobil uygulamasının uyumlu olduğu işletim sistemleri hangileridir.;AUZEF Mobil uygulamasını hangi işletim sistemlerinde indirebilirim?;;;;;;;;;;;;
194;"Markette aratıyorum ancak; AUZEF mobil uygulamasını bulamıyorum neden?";Öğrencilerimiz, Google Play veya App Store’da “AUZEF” kelimesi ile arama yaptıkları takdirde uygulamayı bulacaklardır.;AUZEF_MOBIL_PROBLEMLERI-DIGER-DESTEK;Uygulama mağazasında AUZEF Mobil'i aradım fakat bulamadım, bu durumun sebebi ne olabilir?;AUZEF Mobil uygulamasını app marketlerde göremiyorum, uygulamayı nasıl bulabilirim?;AUZEF Mobil uygulamasını indirmek istiyorum ama markette bulunmuyor, ne yapmam gerekiyor?;Uygulama marketinde AUZEF Mobil'i arattığımda karşıma çıkmıyor;AUZEF Mobil uygulamasına erişmek istiyorum ama uygulama mağazasında bulamıyorum?;Mobil cihazımda AUZEF Mobil uygulamasını arıyorum fakat bulamıyorum;AUZEF Mobil uygulamasını markette bulamama durumu için nasıl bir çözüm önerirsiniz?;AUZEF Mobil'i mağazada bulamıyorum, uygulamayı indirebileceğim başka bir platform var mı?;;;;;;;;;;;;
195;AUZEF Mobil uygulamasına nasıl giriş yapabilirim?;AUZEF Mobil uygulamasını mobil cihazınıza kurduktan sonra uygulamayı çalıştırın. Açılan ekrandan AKSİS kullanıcı adı ve şifrenizi yazarak giriş yapabilirsiniz.;AUZEF_MOBIL_PROBLEMLERI-DIGER-DESTEK;AUZEF Mobil uygulamasında oturum açma işlemi için ne yapmam gerekiyor?;AUZEF Mobil uygulamasına giriş için hangi adımları izlemeliyim?;AUZEF Mobil uygulaması kullanıcı girişi sürecini nereden ve nasıl tamamlayabilirim?;AUZEF Mobil uygulamaya giriş yaparken hangi bilgilerimi kullanmalıyım?;AUZEF Mobil'e ilk kez giriş yapacak bir kullanıcı olarak ne yapmalıyım?;AUZEF Mobil uygulamasına erişim için gereken adımları nelerdir?;AUZEF Mobil uygulamasında giriş yapabilmek için öğrenci bilgilerimi nasıl kullanabilirim?;AUZEF Mobil uygulamasına kullanıcı adı ve şifre ile giriş yapmak istiyorum?;;;;;;;;;;;;
196;AUZEF Mobil uygulamasına kullanıcı adım ve şifremle neden giriş yapamıyorum?;Öncelikle internet bağlantınızın olduğundan emin olun. Bunun için cihazınızda tarayıcıyı açıp herhangi bir web sitesini açmaya çalışın. İnternet bağlantınızda sıkıntı yok ise uygulamayı tekrar açıp deneyin. Sorunun devam etmesi durumunda çözüm merkezi üzerinden talep oluşturarak sorunu bize iletmeniz gerekmektedir.;AUZEF_MOBIL_PROBLEMLERI-DIGER-DESTEK;Kullanıcı adım ve şifremle AUZEF Mobil'e giriş yaparken karşılaştığım sorun için çözüm önerileri nelerdir?;AUZEF Mobil uygulamasına giriş yapamama durumunda ne yapmalıyım?;AUZEF Mobil'e kullanıcı bilgilerimle giriş yapmaya çalışıyorum ancak başarısız oluyorum;AUZEF Mobil uygulamasına girişte kullanıcı adım ve şifremi kabul etmiyor.;AUZEF Mobil uygulamasına giriş yaparken kullanıcı adım ve şifremle ilgili sorunu nasıl çözebilirim?;AUZEF Mobil uygulamasına doğru bilgilerimle giriş yapamıyorum, teknik bir sorun mu var?;Kullanıcı adı ve şifremi doğru girdiğim halde AUZEF Mobil uygulamasına erişemiyorum;AUZEF Mobil uygulamasına girişte kullanıcı adı ve şifre hatası alıyorum;;;;;;;;;;;;
197;AUZEF Mobil'de neden bazı kitaplarımı göremiyorum?;Bunun nedeni, kitabın henüz yayınlanmamış olmasıdır. Kitap yüklendiği zaman listenizde görüntülenecektir.;AUZEF_MOBIL_PROBLEMLERI-AUZEF_MOBIL_MATERYAL_PROBLEMLERI-DESTEK;AUZEF Mobil uygulamada kayıtlı olduğum kitaplardan bazılarını neden bulamıyorum?;AUZEF Mobil uygulamasında tüm ders kitaplarımı görüntüleyememe sebebi ne olabilir?;AUZEF Mobil'de ders kitaplarımdan bazılarının gözükmemesi sorununu nasıl çözebilirim?;AUZEF Mobil'de bazı ders kitaplarım listelenmiyor;AUZEF Mobil uygulaması üzerinde bazı kitaplarımı göremiyor olmamın teknik bir nedeni olabilir mi?;AUZEF Mobil'deki ders kitaplarıma erişemiyorum, bunun sebebi ne olabilir?;AUZEF Mobil'de ders materyallerimden bazıları görünmüyor;AUZEF Mobil uygulamada tüm kitaplarımı neden göremiyorum, eksik olan materyallere nasıl erişebilirim?;;;;;;;;;;;;
198;AUZEF Mobil'de hangi döneme ait kitapları görüntüleyebilirim?;AUZEF Mobil’de, aktif dönem derslerinizin ders materyallerini görebilirsiniz.;AUZEF_MOBIL_PROBLEMLERI-DIGER-DESTEK;AUZEF Mobil'de hangi öğretim dönemlerine ait kitaplar mevcut?;AUZEF Mobil uygulamasında mevcut ve geçmiş dönemlerin ders kitaplarına erişebilir miyim?;AUZEF Mobil'de erişilebilen ders kitapları hangi dönemlere aittir?;AUZEF Mobil'de yer alan ders kitapları yalnızca güncel döneme mi özgü, yoksa eski dönem materyallerine de ulaşabilir miyim?;AUZEF Mobil'de sunulan kitap içerikleri hangi akademik dönemleri kapsamaktadır?;AUZEF Mobil uygulamada görebileceğim ders kitapları yalnızca aktif dönemle sınırlı mı?;AUZEF Mobil uygulamasında hangi dönemlere ait ders kitapları yer alıyor?;AUZEF Mobil'de mevcut ders kitaplarım dışında farklı dönemlere ait kitaplara ulaşma imkanım var mı?;;;;;;;;;;;;
199;İnternet bağlantısı olmadan da kitaplarımı okuyabilir miyim?;İnternete bağlı iken ders kitabınızı indirirseniz internetsiz ortamda da okumaya devam edebilirsiniz.;DERS_MATERYALLERI-DERS_KITABI_SUNUM_INDIRME-DESTEK;İnternete erişimim olmadan AUZEF Mobil'deki kitaplarımı okumak için ne yapabilirim?;AUZEF Mobil uygulamada offline olarak kitap okuma özelliği var mı?;İnternet bağlantım kesildiğinde ders kitaplarımı okuyabilme imkanım bulunuyor mu?;AUZEF Mobil'de kitapları indirip daha sonra internet olmadan okuyabilmek mümkün mü?;İnternet olmadan AUZEF Mobil üzerinden kitap okuma işlemi gerçekleştirebilir miyim;Offline iken AUZEF Mobil uygulaması üzerinden ders materyallerimi okuyabilir miyim?;AUZEF Mobil'de internet bağlantım olmaksızın ders kitaplarıma nasıl erişebilirim?;AUZEF Mobil uygulamada internetim olmadığında ders kitaplarımı okuma seçeneğim var mı;;;;;;;;;;;;
200;AUZEF Mobil uygulaması ücretli midir?;AUZEF Mobil uygulaması ücretsizdir.;AUZEF_MOBIL_PROBLEMLERI-DIGER-DESTEK;AUZEF Mobil uygulamasını kullanmak için herhangi bir ücret ödemem gerekiyor mu?;AUZEF Mobil uygulamasına erişim için ödeme yapmam gerekir mi?;AUZEF Mobil uygulamasını indirmek ve kullanmak için bir maliyeti var mı?;AUZEF Mobil uygulaması kullanıcılarından herhangi bir ücret talep ediyor mu?;AUZEF Mobil uygulamasının kullanımı için ödeme yapılması gerekir mi?;AUZEF Mobil uygulaması için indirme ya da kullanım için herhangi bir ücret ödemem gerekir mi?;AUZEF Mobil uygulamasını indirirken ya da kullanırken herhangi bir ücret ödemek zorunda mıyım?;AUZEF Mobil uygulamasının kullanımı için herhangi bir ücret ödemesi gerekiyor mu?;;;;;;;;;;;;
201;AUZEF Mobil uygulamasında derslerin videolarını izleyebilir miyim?;AUZEF Mobil uygulamasında derslere ait videoları izleyebilirsiniz.;AUZEF_MOBIL_PROBLEMLERI-AUZEF_MOBIL_MATERYAL_PROBLEMLERI-DESTEK;AUZEF Mobil uygulaması üzerinden ders videolarını izleme imkanım var mı?;AUZEF Mobil uygulamasında derslerime ait videoları izleyebilir miyim?;AUZEF Mobil'de ders videolarına erişim sağlayabilir miyim?;AUZEF Mobil uygulaması aracılığıyla ders videolarını izleme şansım mevcut mu?;AUZEF Mobil uygulamasında yer alan ders videolarını nasıl görüntüleyebilirim?;AUZEF Mobil uygulamada derslerin videolarını izlemek mümkün mü?;AUZEF Mobil üzerinden ders videolarını izleyebilir miyim?;AUZEF Mobil'de derslerin eğitim videolarını bulup izleyebileceğim bir bölüm var mı?;;;;;;;;;;;;
202;AUZEF Mobil uygulaması ile Öğrenme Yönetim Sistemindeki dersler kitapları ile aynı mıdır?;AUZEF Mobil’de yayınlanan ders kitapları ile Öğrenme Yönetim Sistemi’nde yer alan ders kitapları aynıdır.;AUZEF_MOBIL_PROBLEMLERI-AUZEF_MOBIL_MATERYAL_PROBLEMLERI-DESTEK;AUZEF Mobil uygulamasında sunulan ders kitapları Öğrenme Yönetim Sistemi'ndekilerle aynı içeriğe sahip mi?;AUZEF Mobil'deki ders materyalleri ile Öğrenme Yönetim Sistemi'nde yer alan kitaplar arasında bir fark var mı?;AUZEF Mobil uygulamasında eriştiğim ders kitapları, Öğrenme Yönetim Sistemi'nde bulunanlarla aynı mıdır?;AUZEF Mobil ve Öğrenme Yönetim Sistemi'nde sunulan ders kitapları içerik olarak birbirleriyle örtüşüyor mu?;AUZEF Mobil uygulamasında kullanılan ders kitapları ile Öğrenme Yönetim Sistemi'ndeki kitaplar aynı içeriğe mi sahip?;AUZEF Mobil'de ve Öğrenme Yönetim Sistemi'nde sunulan ders kitaplarının içeriği yoksa farklı mı?;AUZEF Mobil'deki ders kitapları ile Öğrenme Yönetim Sistemi'ndeki materyaller içerikleri aynı mı?;AUZEF Mobil uygulamasındaki ders kitapları, Öğrenme Yönetim Sistemi'nde sunulanlarla aynı içeriğe mi sahip?;;;;;;;;;;;;
203;AUZEF Mobil uygulaması ile ilgili yaşadığım sorunları size nasıl iletebilirim?;Talep sayfasına sorunuzu anlatan bir mesaj bırakabilirsiniz. Mesajınızda mutlaka şu bilgilere yer veriniz.Kullandığınız cihazın modeli (iPhone 4S, Nexus 4 … gibi), görüntelemekte sorun yaşadığınız dersler varsa derslerin isimleri. Ayrıca sorun yaşadığınız anda telefon veya tabletinizden ekran görüntüsü alarak talebinize ekleyinizi. Vereceğiniz bu bilgiler sorunun daha hızlı çözülmesine yardımcı olacaktır.;AUZEF_MOBIL_PROBLEMLERI-DIGER-DESTEK;AUZEF Mobil uygulamasında karşılaştığım teknik sorunları kimlere ve nasıl bildirebilirim?;AUZEF Mobil uygulaması hakkında yaşadığım sıkıntıları çözüm için nereye rapor etmeliyim?;AUZEF Mobil uygulamasındaki problemleri hangi kanallar aracılığıyla size iletebilirim?;AUZEF Mobil uygulamasında karşılaştığım hataları veya sorunları nasıl ve kime raporlayabilirim?;AUZEF Mobil uygulaması kullanırken yaşadığım sorunları hangi iletişim yollarıyla bildirebilirim?;AUZEF Mobil uygulamasında tecrübe ettiğim teknik zorlukları hangi destek hattına iletebilirim?;AUZEF Mobil ile ilgili sorunlarımı çözüme kavuşturmak için hangi adımları takip etmeliyim?;AUZEF Mobil uygulaması hakkındaki geri bildirimlerimi ve yaşadığım sorunları nasıl iletebilirim?;;;;;;;;;;;;
204;AUZEF Mobil uygulamasını kurarken uygulamanın istediği izinler ne anlama geliyor?;"AUZEF Mobil kurulurken izinler istemektedir.Bu izinler aşağıdaki amaçlar doğrultusunda kullanılmaktadır.

Konum Bilgisi: Kitabı nerede indirdiğinizin raporlamasını yapmak için kullanılmaktadır. Cihazınızda konum bilginizi kapatarak, bu iznin kullanılmasını engelleyebilirsiniz.

Fotoğraflar/Medya İçerikleri/Dosyalar: AUZEF Mobilde internet bağlantısı olmadan kitaplarınızı okuyabilmeniz için kitabı indirmiş olmanız gereklidir. Bu izin kitabı kendi cihazınıza indirmenizi sağlamak için kullanılmaktadır.

Cihaz Kimliği ve Çağrı Bilgileri: AUZEF Mobil, internete bağlı olup olmadığınızı öğrenebilmek için bu izne ihtiyaç duymaktadır. Özellikle kitap indirirken veya internete bağlı olarak kitabı okurken internet kopmalarında sizi bilgilendirmek için bu izine ihtiyaç duymaktadır. AUZEF Mobil hiç bir şekilde çağrı bilgilerinizi veya rehberinizi kullanmaz.";AUZEF_MOBIL_PROBLEMLERI-DIGER-DESTEK;AUZEF Mobil uygulamasını yüklerken karşıma çıkan izin talepleri neyi ifade ediyor?;AUZEF Mobil uygulaması tarafından istenen izinlerin amacı nedir?;AUZEF Mobil uygulamasını telefonuma indirirken talep edilen izinler güvenli mi?;AUZEF Mobil uygulaması kurulumu sırasında istenen izinler neden gerekli?;AUZEF Mobil uygulamasını ilk kez yüklerken istenen izinlerin nelerdir?;AUZEF Mobil uygulaması için vermem gereken izinlerin gerekli mi?;AUZEF Mobil uygulamasını indirme ve kurulum aşamasında karşılaştığım izin istekleri hakkında bilgi almak istiyorum;AUZEF Mobil uygulamasını kurarken karşılaştığım izinlerin kullanım amacı nedir?;;;;;;;;;;;;
205;AKSİS' te fotoğrafımı güncellemek istiyorum nasıl yapabilirim?;"""https://basvuru.istanbul.edu.tr/"" Buraya AKSİS kullanıcı adı ve şifreniz ile giriş yapınız. Sayfada sol sütunda yer alan ""Profil"" alanına tıklayınız, fotoğraf alanın altında yer alan ""Fotoğraf Değiştir"" e tıklayarak vesikalık formattaki fotoğrafınızı güncelleyebilirsiniz.";SISTEMLERE_GIRIS_PROBLEMLERI_BILGI_GUNCELLEME-FOTOGRAF_GUNCELLEME-DESTEK;AKSİS sistemine kayıtlı fotoğrafımı nasıl güncellerim?;AKSİS profilimdeki fotoğrafımı değiştirmek istiyorum;AKSİS'teki mevcut fotoğrafımı nasıl güncelleyebilirim?;AKSİS profil fotoğrafımı değiştirmek için hangi işlemleri yapmalıyım?;AKSİS kullanıcı profilimde yer alan fotoğrafı güncellemek istiyorum;AKSİS sistemine giriş yaparak profil fotoğrafımı değiştirmek mümkün mü?;AKSİS üzerinden profilimdeki fotoğrafı nasıl yenileyebilirim;AKSİS profilimdeki fotoğrafı nasıl güncellerim;;;;;;;;;;;;
206;Soyismim değişti sistemlerde nasıl güncelleyebilirim;"""https://auzefcozum.istanbul.edu.tr/"" Buradan durumunuzu belirterek talep oluşturunuz.";SISTEMLERE_GIRIS_PROBLEMLERI_BILGI_GUNCELLEME-KIMLIK_BILGISI_GUNCELLEME-DESTEK;Soyadım değiştiğinde bu bilgiyi üniversitenin sistemlerinde nasıl güncelleyebilirim?;Soyisim değişikliğimi üniversite sistemlerine nasıl yansıtabilirim.;Resmi olarak soyadım değişti, bu değişikliği üniversite kayıtlarında nasıl güncelleyebilirim?;Soyadı değişikliğimi üniversitenin öğrenci bilgi sistemlerine nasıl işleyebilirim.;Soyisim değişikliğimi sistemlere nasıl ekleyebilirim.;Soyadımın değişmesi durumunda, bu bilgiyi nasıl güncelleyebilirim.;Soyisim değişikliğim üniversite sistemlerinde nasıl güncellenir?;Soyadımdaki değişikliği üniversitenin kayıtlarında nasıl güncelleyebilirim?;AKSİS'te kimlik bilgilerimi güncellemek istiyorum;;;;;;;;;;;
207;İstanbul Üniversitesi Carrahpaşa  öğrencisiyim AKSİS'e giriş yapamıyorum sisteme nereden giriş yapabilirim?;"""http://aksis.istanbul.edu.tr/ "" Buradan giriş yapmanız gerekmektedir";;İstanbul Üniversitesi Cerrahpaşa öğrencisi olarak AKSİS'e erişim sağlayamıyorum;İstanbul Üniversitesi Carrahpaşa  öğrencisiyim AKSİS sistemine giriş yapamama sorunumu nasıl çözebilirim.;İstanbul Üniversitesi Cerrahpaşa öğrencisi olarak AKSİS'e giriş sorunu yaşıyorum;AKSİS sistemine erişim sorunum var, İstanbul Üniversitesi Carrahpaşa  öğrencisiyim;İstanbul Üniversitesi Cerrahpaşa bünyesinde öğrenciyken AKSİS sistemine nasıl giriş yapabilirim.;AKSİS giriş problemi yaşayan bir İstanbul Üniversitesi Cerrahpaşa öğrencisi olarak sisteme nasıl erişebilirim;İstanbul Üniversitesi Cerrahpaşa öğrencisi olarak AKSİS sistemine erişememe problemi için ne yapmalı?;;;;;;;;;;;;;
208;DD, DC harf notlu derslerim var bunlardan telafiye girmek zorunda mıyım?; Öğrenciler koşullu başarılı (DD) ve (DC) harf notu aldığı derslerin sınavına notunu yükseltmek istiyorsa girebilir notunu yükseltmek istemeyen öğrenci optikte işaretleme yapmamalıdır. Öğrenci DD, DC harf notlu derslerinden telafi sınavına girip optiğe işaretleme yaparsa en son aldığı not geçerli olur.  DD ve DC derslerinizden telafi notu oluşması istenmiyorsa ilgili derse ait sütun optiklerde işaretlememelidir.;SINAV_HAKKINDA_BILGI-BUTUNLEME_SINAVI_SHB-BILGI;DD ve DC notlarına sahip olduğum dersler için telafi sınavına girmem gerekiyor mu?;DD ve DC harf notları aldığım derslerden telafi sınavına katılmak zorunda mıyım?;DD ve DC notları aldığım dersler için telafi sınavına girmem gerekip gerekmediğini nasıl öğrenebilirim?;DD ve DC notlu derslerimden dolayı telafi sınavına katılmam zorunlu mudur?;DD ve DC notlarım olan dersler için telafi sınavı var mı?;DD ve DC aldığım dersler için telafi sınavına girmem şart mı?;DD ve DC harf notlarına sahip olduğum dersler için telafi sınavına katılım isteğe bağlı mı?;DD ve DC notlarım bulunan dersler için telafi sınavı gerekli mi?;;;;;;;;;;;;
209;Telafi (Bütünleme) sınavı için başvuru yapmam gerekiyor mu?;Telafi sınavı öğrencilerin bitime sınavı sonucunda FF, DD, DC harf notu aldığı dersler için düzenlenir. Telafi(Bütünleme)sınavı için öğrencilerin başvuru yapmasına gerek yoktur, başarısız(FF) ve koşullu başarılı(DD, DC) dersler için öğrenciler telafi(bütünleme) sınavına girebilir. ;SINAV_HAKKINDA_BILGI-BUTUNLEME_SINAVI_SHB-BILGI;Telafi sınavına katılmak için otomatik olarak hak kazanıyor muyum?;Bütünleme sınavına girebilmek için başvuru yapmam gerekir mi?;Telafi sınavı için başvuru yapmam şart mı?;Bütünleme sınavına katılmak için yapmam gereken bir başvuru var mı?;Telafi sınavına girebilmek için herhangi bir başvuru formu doldurmam gerekiyor mu?;Bütünleme sınavına katılım için önceden başvuruda bulunmam gerekir mi?;Telafi sınavına girmek için başvuru gerekiyor mu?;Bütünleme sınavına katılabilmek için yapmam gereken başvuru var mı?;;;;;;;;;;;;
210;YÖS sınavına kimler girebilir?;"Yabancı Öğrenci Sınavı (YÖS) hakkındaki tüm bilgiler  yos.istanbul.edu.tr adresinden yayınlanmaktadır. 
Lütfen İÜYÖS sayfasını ziyaret ediniz.";YENI_KAYIT-YABANCI_OGRENCILER-BILGI;YÖS sınavına başvuruda bulunabilecek aday kriterleri nelerdir?;YÖS sınavına katılmaya uygun olan aday profilleri hangileridir?;Yabancı Öğrenci Seçme Sınavı'na (YÖS) giriş hakkı olan adaylar kimlerdir?;YÖS sınavına girebilmek için kimler başvurabilir?;YÖS sınavına kimlerin katılma hakkı vardır?;YÖS sınavına hangi adaylar katılabilir?;YÖS sınavına girebilmek için kimler başvurabilir?;YÖS sınavına giriş için gereken koşullar nelerdir?;;;;;;;;;;;;
211;YÖS sınavı sonucumu nasıl öğrenirim?;"Yabancı Öğrenci Sınavı (YÖS) hakkındaki tüm bilgiler  yos.istanbul.edu.tr adresinden yayınlanmaktadır. 
Lütfen İÜYÖS sayfasını ziyaret ediniz.";YENI_KAYIT-YABANCI_OGRENCILER-DESTEK;YÖS sınav sonuçları nereden açıklanıyor?;YÖS sınavı sonuçlarımı nasıl ve nereden öğrenebilirim?;YÖS sınav sonucuma nereden erişirim?;YÖS sınav sonuçlarımı görüntülemek için nereye bakmalıyım;YÖS sınav sonucuma nasıl ulaşabilirim?;YÖS sınav sonuçlarımı öğrenmek istiyorum;YÖS sınavı sonucumu öğrenmek için nereye bakmalıyım?;YÖS sınav sonuçlarına nereden erişebilirim?;;;;;;;;;;;;
212;Ara Sınav (Vize) sınavında hangi ünitelerden sorumlu oluruz?;"Dijital kitabınız 8 bölüm ise vize sınavında 4; 10 bölüm ise vize sınavından 5; 12 bölüm ise vize sınavından 6; 14 bölüm ise vize sınavından 7 bölümden sorumlu olursunuz.";SINAV_HAKKINDA_BILGI-ARA_SINAV_SHB-BILGI;Ara Sınav (Vize) için sorumluluk alanımıza giren üniteler hangileridir?;Vize sınavında hangi ders konularından ve ünitelerden sorumlu tutulacağım?;Ara Sınavda sorulacak üniteler ve konular nelerdir?;Vize sınavı için üniteleri nereden öğrenebilirim?;Ara Sınavda değerlendirmeye tabi tutulacak ders üniteleri ve konuları hangileridir?;Vize sınavı kapsamında hangi ders ünitelerinden sorular gelecek?;Ara Sınav (Vize) için öğrencilerin hangi ders ünitelerinden sorumlu olacağını nasıl öğrenebilirim?;Vize sınavında sorumlu olacağımız ders üniteleri ve konuları nereden görebilirim?;"Vizelerde kaç üniteden sorumluyuz 
";;;;;;;;;;;
213;Final ve Bütünleme (Telafi) sınavında hangi ünitelerden sorumlu oluruz?;"Dijital kitabınız 8 bölüm ise Telafi(Bütünleme) sınavında 8; 10 bölüm ise Telafi(Bütünleme) sınavından 10; 12 bölüm ise Telafi(Bütünleme) sınavından 12; 14 bölüm ise Telafi(Bütünleme) sınavından 14 bölümden sorumlu olursunuz. Öğrenciler Telafi(Bütünleme) sınavlarında dersin tüm bölümlerinden sorumlu olmaktadır";SINAV_HAKKINDA_BILGI-BUTUNLEME_SINAVI_SHB-BILGI;Bütünleme (Telafi) sınavında hangi konu ve ünitelerden sorumlu tutulurum?;Telafi sınavında değerlendirmeye alınacak üniteler hangileridir?;Bütünleme sınavı kapsamındaki ders üniteleri ve konular nelerdir?;Telafi sınavında hangi derslerden ve ünitelerden sorular gelecek?;Bütünleme sınavı için hangi ünitelerden sorumlu olduğumu nasıl öğrenebilirim?;Telafi sınavında sorumlu olacağımız üniteleri nereden ve nasıl öğrenebiliriz?;Bütünleme sınavında değerlendirilecek ders üniteleri ve konular hakkında bilgi almak istiyorum;Telafi sınavı için sorumlu olduğum ders üniteleri ve içerikleri nelerdir?;Bütünleme (Telafi) sınavında hangi ünitelerden çıkacak?;;;;;;;;;;;
214;Mezuniyete üç ders sınavında hangi ünitelerden sorumlu oluruz?;"Dijital kitabınız 8 bölüm ise Mezuniyete üç ders sınavında  8; 10 bölüm ise Mezuniyete üç ders sınavında  10; 12 bölüm ise Mezuniyete üç ders sınavında  12; 14 bölüm ise Mezuniyete üç ders sınavında  14 bölümden sorumlu olursunuz. Öğrenciler Mezuniyete üç ders sınavında  dersin tüm bölümlerinden sorumlu olmaktadır";SINAV_HAKKINDA_BILGI-MEZUNIYETE_UC_DERS_SINAVI_SHB-BILGI;Mezuniyete Üç Ders Sınavında hangi ders konularından ve ünitelerden sorumlu olacağım?;Üç Ders Sınavı kapsamında hangi ünitelerden sorular gelir?;Mezuniyet için gireceğim Üç Ders Sınavında çıkacak üniteler hangileridir?;Mezuniyete yönelik Üç Ders Sınavında hangi konu ve ünitelerden sorumlu tutulacağım?;Üç Ders Sınavı için hangi ders ünitelerine çalışmam gerekir?;Mezuniyete Üç Ders Sınavında hangi derslerin ünitelerinden sorular beklemeliyim?;Mezuniyete Üç Ders Sınavı için sorumlu olacağım ders üniteleri ve konuları neler?;Mezuniyete özel Üç Ders Sınavında hangi ders konuları üzerinden değerlendirileceğim?;;;;;;;;;;;;
215;Müfredat listesine nereden ulaşabilirim?;"Tüm AUZEF programlarının müfredatına ilgili programın sayfasından ulaşabilirsiniz. Müfredat listesine aşağıdaki adımları izleyerek ulaşabilirsiniz; 
- İÜ AUZEF web sitesi olan auzef.istanbul.edu.tr adresine girilir. 
-Girilen sayfanın üst menü bandında bulunan ‘Programlar’ sekmesinden öğrenim türünü gösteren sekmenin üzerine gelip kayıt olunan programın ismine tıklanır. 
-Ekrana gelecek olan yeni sayfa öğrencinin kayıt olduğu programa ait ‘Bölüm Sayfası’ dır. 
- Bölüm sayfasının üst kısmından ‘Dersler’ sekmesine tıklanır. 
-Açılan sayfada ilgili ders, dersin kredi ve AKTS bilgileri yer alır. Aynı sayfa üzerindeki 'Derse' tıklanarak dersler hakkında detaylı bilgiye ulaşılabilir.";DERS_SECIMI_MUAFIYET-DERS_EKLE_SIL-BILGI;Ders müfredatı listesini nereden bulabilirim?;Kayıtlı olduğum programın müfredat listesine erişmek için ne yapmalıyım?;Müfredat listesi görüntülemek istiyorum;Ders müfredatlarına ve program listesine nereden ulaşabilirim?;Programımın müfredat listesini görüntülemek istiyorum;Öğrencisi olduğum bölümün müfredat listesine ulaşım için hangi web sayfasını ziyaret etmem gerekiyor?;Müfredat listesine erişim için bana yol gösterebilir misiniz?;Müfredat listelerine ve ders planlarına erişmek için ne yapmalıyım?;;;;;;;;;;;;
216;Türkçe Yeterlilik belgesi almam gerekiyor örnek sınav sorularına ulaşabilir miyim?;"İSTANBUL ÜNİVERSİTESİ YABANCI DİLLER YÜKSEKOKULU tarafından Türkçe Yeterlilik sınavı yapılmakta olup ""http://cdn.istanbul.edu.tr/FileHandler2.ashx?f=web-sitesi-icin-ornek-sinav-yeni.pdf"" buradan ve ""https://yabancidiller.istanbul.edu.tr/tr/duyuru/turkce-yeterlilik-sinavi-ornegi-turkish-proficiency-exam-simple-770053004F00310033006F00700061006E0062007A0039007900700046006200610041004F003200370077003200"" buradan örnek sınav sorularına ulaşabilirsiniz.";YENI_KAYIT-YABANCI_OGRENCILER-DESTEK;Türkçe Yeterlilik sınavına hazırlık için örnek sınav sorularını nereden temin edebilirim?;Türkçe Yeterlilik sınavı için çalışırken kullanabileceğim örnek sorulara erişim sağlayabileceğim bir kaynak var mı?;Türkçe Yeterlilik belgesi sınavına hazırlanmak için örnek soruları nereden bulabilirim?;Türkçe Yeterlilik sınavı örnek sorularını içeren kaynak önerisi verebilir misiniz?;Türkçe Yeterlilik belgesi sınavına girecek öğrenciler için örnek sınav soruları nerede bulunur?;Türkçe Yeterlilik sınavına hazırlık amacıyla örnek sorulara nereden ulaşabilirim?;Türkçe Yeterlilik sınavı için hazırlık yaparken kullanabileceğim örnek sınav sorularını nereden edinebilirim?;Türkçe Yeterlilik sınavına yönelik örnek sınav sorularını nereden bulabilirim?;;;;;;;;;;;;
217;Başarı notunun belirlenmesinde ara sınavın (vize) etki oranı % kaçtır.;Başarı notunun belirlenmesinde ara sınavın (vize) etki oranı % 30 dur.;SINAV_HAKKINDA_BILGI-ARA_SINAV_SHB-BILGI;Ara sınav (vize) notlarımın genel başarı notuma etkisi yüzde kaç olarak belirlenmiştir?;Başarı notumun hesaplanmasında ara sınavın (vize) katkı oranı nedir?;Genel not ortalamamın hesaplanmasında vize sınavının ağırlığı yüzde kaçtır?;Vize sınavınıngenel notuma etkisi yüzde ne kadar?;Ders başarı notunun belirlenmesinde vize sınavının etkisi yüzde kaç?;Ara sınavın (vize) genel ders notuma katkı yüzdesi nedir?;Vize sınavlarının akademik başarı notuma olan katkısı yüzde kaçtır?;Genel akademik performansımın hesaplanmasında vize sınavlarının payı yüzde kaçtır?;;;;;;;;;;;;
218;Bitirme (Final) sınavına giremedim telafi sınavına girebilir miyim?;Bitirme(Final) sınavına herhangi bir sebepler giremeyen öğrenciler telafi sınavına girebilmektedir. Bitirme(Final) sınavına girememiş olmanız telafi sınavına giriş yapmanıza engel teşkil etmez.;SINAV_HAKKINDA_BILGI-BUTUNLEME_SINAVI_SHB-BILGI;Final sınavını kaçırdım, telafi sınavına katılma hakkım var mı?;Final sınavına katılamadığım durumda telafi sınavına giriş yapabilir miyim?;Bitirme sınavını kaçırmanın ardından telafi sınavına katılabilmek için ne yapmalıyım?;Final sınavına giremediysen telafi sınavına katılma şansım var mı?;Final sınavını kaçırdığım takdirde telafi sınavı hakkım bulunuyor mu?;Final sınavına katılamama durumunda telafi sınavına katılmam mümkün müdür?;Final sınavına giremedim, telafi sınavı seçeneği mevcut mu?;Final sınavını kaçırdım, bütünleme sınavına katılma imkanım var mı?;;;;;;;;;;;;
219;İstanbul Üniversitesi not dönüşüm tablosuna nereden ulaşabilirim?;"İstanbul Üniversitesi yüzlük not dönüşüm tablosuna ""https://cdn.istanbul.edu.tr/FileHandler2.ashx?f=donusum-tablosu.pdf"" buradan ulaşabilirsiniz.";SINAV_HAKKINDA_BILGI-HARF_NOTU_SHB-BILGI;İstanbul Üniversitesi'nin not dönüşüm tablosunu nereden ve nasıl bulabilirim?;İstanbul Üniversitesi akademik not dönüşüm tablosuna erişmek için hangi web sitesini ziyaret etmeliyim?;İstanbul Üniversitesi'nde uygulanan not dönüşüm sistemi ve tablosuna nasıl ulaşabilirim?;Notlarımın İstanbul Üniversitesi standartlarına göre dönüşümünü görebileceğim tabloya nereden ulaşabilirim?;İstanbul Üniversitesi tarafından kullanılan not dönüşüm tablosunu incelemek istiyorum;İstanbul Üniversitesi'nin not dönüşüm kriterleri ve tablosuna ulaşabileceğim bir kaynak var mı?;İstanbul Üniversitesi öğrencisi olarak not dönüşüm tablosunu nereden görebilirim;İstanbul Üniversitesi'nde notlarımın nasıl dönüştürüldüğünü gösteren bir tabloya ihtiyacım var;;;;;;;;;;;;
220;Lisede okurken staj yaptım, zorunlu stajdan muaf olabilir miyim?;Lise öğrenimi sırasında yapılan stajlar staj muafiyeti için geçerli değildir.;MEZUNIYET_STAJ_YAZ_OKULU-STAJ_ISLEMLERI-BILGI;Lisede gerçekleştirdiğim staj deneyimi ile üniversitedeki zorunlu staj gerekliliğinden muaf olma şansım var mı?;Lisede yaptığım stajın üniversitede zorunlu olan stajımı kapsayıp kapsamayacağını öğrenmek istiyorum?;Lise döneminde tamamladığım staj çalışması, üniversite zorunlu stajından muafiyet sağlar mı?;Üniversitede zorunlu staj gerekliliğinden, lisede yaptığım staj sayesinde muaf olabilir miyim?;Lisede yapılan stajlar, üniversitedeki zorunlu staj gereksinimlerini karşılayabilir mi?;Lisede gerçekleştirdiğim stajın, üniversite zorunlu staj muafiyeti için geçerli mi?;Lise döneminde yaptığım staj ile üniversitedeki zorunlu stajımdan muaf olma ihtimalim var mı?;Lisede tamamladığım staj üniversite zorunlu stajına muafiyet sağlar mı?;;;;;;;;;;;;
221;Sınav sorusuna nasıl itiraz edebilirim?;"Sınav sorularına itiraz, sınavların bitiminden itibaren; 2 (iki) iş günü içinde aksis.istanbul.edu.tr adresindeki AUZEF Öğrenme Yönetim Sistemi üzerinden yapılmaktadır. Bu sistemin haricinde bildirilen soru itirazları dikkate alınmamaktadır. 
 
Soru itiraz süreci sona erdikten sonra, itirazda bulunulan sorular, ilgili dersin öğretim elamanı tarafından değerlendirilmektedir.";SINAV_HAKKINDA_BILGI-DIGER-BILGI;Bir sınav sorusunun doğruluğuna itiraz etmek istiyorum;Sınavda karşılaştığım bir soruya itiraz etmek için nereye ve nasıl başvurabilirim?;Bir sınav sorusuna itiraz işlemi için gerekli adımlar nelerdir?;Sınav sorusunun yanlış olduğunu düşünüyorum, itiraz süreci nasıl işler?;Sınavdaki bir soruya itiraz etme hakkım var mı?;Bir sınav sorusuna olan itirazımı dile getirmek istiyorum;Sınav sorularından birine itiraz etmek istiyorum ne yapmalıyım?;Sınavda hatalı bulduğum bir soruya itirazımı nereye sunmalıyım?;"Sınavda ders notları dışında soru geldi.  
";;;;;;;;;;;
222;Bitirme (Final) sınavlarına nasıl giriş yaparım?;"Öğrencilerimiz, sınav giriş belgelerini ""https://auzefsinav.istanbul.edu.tr/"" buradan AKSİS kullanıcı adı ve şifresi ile giriş yaparak alır. Sınav merkezlerine sınav giriş belgesi ve T.C. Kimlik Kartı ya da sınav giriş belgesinde belirtilen diğer muadil kimlik kartları ile girebilirler. Sınav giriş belgeleri sınavdan 1 hafta önce ""https://auzefsinav.istanbul.edu.tr/"" burada yayınlanır.";SINAV_HAKKINDA_BILGI-BITIRME_SINAVI_SHB-BILGI;Bitirme (Final) sınavlarına katılmak için gerekli giriş prosedürleri nelerdir ;Final sınavlarına katılım için hangi platform veya sistem üzerinden giriş yapmam gerekiyor;Bitirme sınavlarına giriş yapmak için kullanmam gerekenler neler?;Final sınavları için giriş yapma süreci nedir;Bitirme sınavlarına erişim için önceden yapmam gereken bir kayıt veya giriş işlemi var mı;Final sınavlarına giriş için ne yapmalıyım;Bitirme sınavlarına nasıl ve nereden giriş yapabilirim;Final sınavlarına katılım için gerekli olan giriş bilgileri ve prosedürü nedir;;;;;;;;;;;;
223;Edu uzantılı öğrenci maili nasıl alınır?;"Öğrenci e-Posta Başvurusu için ""https://bilgiislem.istanbul.edu.tr"" burada üst bantta yer alan, ""Hizmetler"" ""e-Posta Hizmetleri"" ""Öğrenci e-Posta "" alanından mail adresinizi alabilirsiniz. E-Posta Soru ve Sorunlarınız için; Öğrenci E-Posta: ""https://ogr.iu.edu.tr/"" https://ogr.iu.edu.tr/ adreslerinden “Talep/Destek” formunu doldurarak sorunlarınızı iletebilirsiniz.";YENI_KAYIT-KAYIT_BILGILENDIRMESI-DESTEK;edu uzantılı bir öğrenci e-posta adresi nasıl ve nereden alabilirim?;Üniversite öğrencileri için sağlanan edu uzantılı mail adresini nasıl oluşturabilirim;Edu uzantılı öğrenci e-postası almak istiyorum;Öğrenci olarak edu uzantılı bir e-posta adresi edinmek istiyorum ;Üniversite tarafından sağlanan edu uzantılı öğrenci e-posta hesabı oluşturma işlemi nasıl yapılır ;Edu uzantılı bir öğrenci mail adresi almak için ne yapmalıyım;edu uzantılı öğrenci e-posta adresinin oluşturulması için ne yapmalıyım?;Edu uzantılı öğrenci e-posta adresini almak için ne yapmalıyım;;;;;;;;;;;;
224;Bitirme (Final) sınavında hangi ünitelerden sorumlu oluruz?;"Dijital kitabınız 8 bölüm ise Bitirme(Final) sınavında 8; 10 bölüm ise Bitirme(Final) sınavından 10; 12 bölüm ise Bitirme(Final) sınavından 12; 14 bölüm ise Bitirme(Final) sınavından 14 bölümden sorumlu olursunuz. Öğrenciler Bitirme(Final) sınavlarında dersin tüm bölümlerinden sorumlu olmaktadır";SINAV_HAKKINDA_BILGI-BITIRME_SINAVI_SHB-BILGI;Bitirme (Final) sınavında değerlendirilecek ders üniteleri ve konuları nasıl öğrenebilirim ;Final sınavında hangi ders konularından ve ünitelerden sorumlu tutulacağım ;Bitirme sınavı kapsamındaki ders üniteleri ve sorumluluk alanlarım nelerdir;Final sınavında hangi derslerin ünitelerinden sorular gelecek;Bitirme sınavı için hangi ünitelerden sorumlu olacağımı nereden öğrenebilirim?;Final sınavı kapsamında değerlendirme altına alınacak ders üniteleri hangileridir ;Bitirme sınavında sorumlu olacağım ders üniteleri ve konuları nelerdir?;Final sınavında hangi ders konuları üzerinden değerlendirileceğim ;;;;;;;;;;;;
225;AUZEF Mobil uygulamasında hangi tür içerikler yayınlanıyor?;AUZEF Mobil’de bir derse ait ders kitabı, sunum dosyaları ve videolar yayınlanmaktadır.;AUZEF_MOBIL_PROBLEMLERI-DIGER-DESTEK;AUZEF Mobil uygulamasında yer alan içerik türleri nelerdir;AUZEF Mobil üzerinde hangi eğitim materyalleri ve kaynaklar sunulmaktadır;AUZEF Mobil uygulaması öğrencilere hangi tür ders içeriklerini ve yardımcı kaynakları sağlamaktadır?;AUZEF Mobil'de bulunan öğretim materyalleri ve içerik çeşitliliği hakkında bilgi verebilir misiniz?;AUZEF Mobil uygulaması üzerinden erişilebilen başlıca eğitim içerikleri ve özellikleri nelerdir?;AUZEF Mobil'de yayınlanan ders materyalleri ve eğitim içerikleri neleri kapsamaktadır?;AUZEF Mobil uygulamasında öğrencilere sunulan içerikler hakkında detaylı bilgi alabilir miyim?;AUZEF Mobil uygulamasında ne tür öğrenme materyalleri ve eğitim kaynakları yer almaktadır ;;;;;;;;;;;;
226;Ödeyeceğim harç miktarına nereden ulaşabilirim?;"Materyal ücretlerine ""https://auzef.istanbul.edu.tr/tr/content/donem-baslangici/materyal-ucretleri"" https://auzef.istanbul.edu.tr/tr/content/donem-baslangici/materyal-ucretleri adresinden ulaşabilirsiniz.";KAYIT_YENILEME_ODEME-ODEME_ISLEMLERI_KY-DESTEK;Kayıt veya dönem harçlarım hakkında bilgi almak istiyorum;Eğitim ücretlerim ve diğer harçlar için ödeme miktarlarını nasıl sorgulayabilirim?;Üniversite harç ücretlerimle ilgili güncel bilgilere nereden ulaşabilirim?;Kayıt yenileme ve eğitim harçları için ödemem gereken tutarı nasıl öğrenebilirim?;Öğrenci harç miktarlarımı sorgulamak istiyorum;Eğitimimle ilgili harç ödemelerimin miktarını öğrenmek istiyorum;Ödeyeceğim üniversite harçları bilgilerini nereden edinebilirim;Eğitim harçları kaç para?;;;;;;;;;;;;
227;Çocuk Gelişimi açık öğretim ön lisans programında zorunlu staj var mı?;Çocuk Gelişimi Açıköğretim Ön Lisans programında zorunlu staj bulunmamaktadır. Ancak kendi ihtiyaç ve istekleri doğrultusunda Çocuk Gelişimi Stajını yapmak isteyen öğrencilerimiz staj takviminde belirtilen başvuru tarihleri arasında staj başvurusu  yapabileceklerdir.;MEZUNIYET_STAJ_YAZ_OKULU-STAJ_ISLEMLERI-BILGI;Açık öğretimde Çocuk Gelişimi ön lisans programı kapsamında zorunlu bir staj yapma gerekliliği bulunuyor mu?;Çocuk Gelişimi ön lisans programında öğrencilerin tamamlaması gereken bir zorunlu staj var mı;Açık öğretim Çocuk Gelişimi programında zorunlu staj uygulaması mevcut mu;Çocuk Gelişimi ön lisans programı içerisinde zorunlu staj gereksinimi var mı;Çocuk Gelişimi programında öğrencilere yönelik bir zorunlu staj dönemi öngörülüyor mu;Açık öğretim Çocuk Gelişimi ön lisans öğrencileri için zorunlu bir staj süreci var mıdır;Çocuk Gelişimi açık öğretim ön lisans programı kapsamında zorunlu staj gerekliliği hakkında bilgi alabilir miyim?;Açık öğretim Çocuk Gelişimi ön lisans programında öğrenciler zorunlu staj yapmak zorunda mıdır;;;;;;;;;;;;
228;Sınav giriş belgemi nereden alabilirim?;"Öğrencilerimiz, sınav giriş belgelerini ""https://auzefsinav.istanbul.edu.tr/"" buradan AKSİS kullanıcı adı ve şifresi ile giriş yaparak alır. Sınav giriş belgeleri sınavdan bir hafta önce ""https://auzefsinav.istanbul.edu.tr/"" buradan da yayınlanır.";SINAV_HAKKINDA_BILGI-DIGER-BILGI;sınavlarım için giriş belgelerimi nereden ve nasıl edinebilirim;Sınav giriş dokümanlarımı almak için kullanmam gereken platform nedir;Sınavlar için gereken giriş belgesini nereden temin edebilirim;Sınav giriş belgemi almak için ne yapmalıyım?;sınav giriş belgelerine erişim sağlamak için nereye başvurmalıyım?;Sınav giriş belgemi indirmek istiyorum;Sınavlar için gerekli olan giriş belgesini nasıl temin ederim ;Sınav giriş belgemin alınması gereken yer neresidir;;;;;;;;;;;;
229;Bir yükseköğretim kurumundan (ön lisans/lisans) mezun olanların, ÖSYM ile yeniden yükseköğretime kayıt yaptırmaları halinde askerlikleri erteleniyor mu?;"7179 sayılı Askeralma Kanunu’nun 20’nci madde 2’nci fıkrası a bendi gereğince; yükümlülerin bitirdiği okulun alt veya aynı seviyesinde bir okula yerleştirilmesi halinde öğrenciliğinden dolayı askerlikleri ertelenmemektedir. Yerleştirildiği okulun, öğrenim düzeyi bitirdiği okuldan daha yukarı seviyede ise askerliği azami yaş sınırı sonuna kadar ertelenmektedir.
Örnek 1: Aksaray Üniversitesi Meslek Yüksekokulu Bilgisayar Programcılığından 15.06.2017 tarihinde mezun olan yükümlünün, Anadolu Üniversitesi Meslek Yüksekokulu İşletme Bölümüne 15.09.2017 tarihinde kayıt yaptırması halinde öğrenciliğinden dolayı erteleme hakkı yoktur.
Örnek 2: Hacettepe Üniversitesi İşletme Fakültesi İşletme Bölümünden 16.06.2017 tarihinde mezun olan yükümlünün, Anadolu Üniversitesi İşletme Fakültesi iktisat bölümüne 15.09.2017 tarihinde kayıt yaptırması halinde öğrenciliğinden dolayı erteleme hakkı yoktur.";YENI_KAYIT-KAYIT_BILGILENDIRMESI-BILGI;Ön lisans ya da lisans düzeyinde mezuniyet sonrası ÖSYM aracılığıyla yeni bir yükseköğretim programına kaydolan bireylerin askerliklerinde erteleme söz konusu mu?;Yükseköğretim mezunları, başka bir yükseköğretim programına ÖSYM üzerinden kayıt yaptırırsa askerlikleri otomatik olarak ertelenir mi;ÖSYM ile yükseköğretime kayıt yaptıran ön lisans veya lisans mezunlarının askerlik işlemleri nasıl yönetilir;Bir yükseköğretim programından mezun olduktan sonra başka bir program için ÖSYM aracılığıyla kayıt yapanların askerlik durumu ne olur;Lisans veya ön lisans mezuniyeti sonrası farklı bir yükseköğretim programına kaydolan bireyler için askerlik ertelemesi uygulanıyor mu;Mezuniyet sonrasında ÖSYM üzerinden başka bir yükseköğretim kurumuna kayıt yaptırmak askerliği erteler mi;Yükseköğretimden mezun olan ve ardından ÖSYM ile yeniden başka bir yükseköğretim programına kayıt olan bireylerin askerlik süreçleri nasıl etkilenir;Ön lisans veya lisans mezunlarının, yeniden ÖSYM aracılığıyla yükseköğretime kayıt olmaları durumunda askerlik görevleri nasıl düzenlenir;;;;;;;;;;;;
230;Endüstri Mühendisliği programı öğrencisiyim zorunlu staj hakkında bilgi almak istiyorum.;"ÜRETİM STAJI
Endüstri Mühendisliği Uzaktan Öğretim Lisans Programı için, 3.sınıfın bahar döneminde (6. yarıyılda) ‘Üretim Stajı’ bulunmaktadır. Stajın süresi 20 iş günüdür ve değerlendirme başarılı ya da başarısız olarak yapılmaktadır.

Stajın Yapılacağı Alan ve Kurumlar
Üretim stajının, üretim sektöründe faaliyet gösteren bir işletmede ya da üretim sektöründe olmasa da kısmen üretimin gerçekleştirildiği bir firmada yapılması gerekmektedir.

ENDÜSTRİ MÜHENDİSLİĞİ STAJI
Endüstri Mühendisliği Uzaktan Öğretim Lisans Programı için, 4. sınıfın bahar döneminde (8. yarıyılda) ‘Endüstri Mühendisliği Stajı’ bulunmaktadır. Stajın süresi 20 iş günüdür ve değerlendirme başarılı ya da başarısız olarak yapılmaktadır.

Stajın Yapılacağı Alan ve Kurumlar
Endüstri Mühendisliği Stajı tüm öğrencilerimizin gerçekleştirmesi zorunlu olan kapsamlı bir stajdır. Staj yapılan yerde “en az bir mühendisin çalışıyor olması” şartı bulunmaktadır.";MEZUNIYET_STAJ_YAZ_OKULU-STAJ_ISLEMLERI-BILGI;Endüstri Mühendisliği programında zorunlu staj gereklilikleri nelerdir.;Endüstri Mühendisliği bölümü öğrencisi olarak zorunlu stajımı nerede ve ne zaman yapmalıyım?;Endüstri Mühendisliği programı için Zorunlu stajımda gereken koşullar ne?;Endüstri Mühendisliği öğrencisi olarak yerine getirmem gereken staj yükümlülüğü ile ilgili detayları ve gereklilikleri öğrenmek istiyorum;Endüstri Mühendisliği programında zorunlu stajın şartları, süresi ve başvuru yöntemleri hakkında bilgi almak istiyorum;Endüstri Mühendisliği bölümünde zorunlu staj hakkında detaylı bilgiye nereden ulaşırım?;Endüstri Mühendisliği zorunlu stajı hakkında bilgilere nereden ulaşırım?;Endüstri Mühendisliği programındaki zorunlu stajım için staj yerleri ve başvuru formlarına nereden erişirim?;;;;;;;;;;;;
231;Telafi (Bütünleme) sınavında merkez değişikliği yapabilir miyim?;"Sınav merkezi tercih sistemi her sınav dönemi öncesinde öğrencilerimizin tercihlerini güncelleyebilmeleri için açılmaktadır. Öğrenciler, sınav merkezi tercih işlemlerini her sınav öncesi yönetimce belirlenen ve AUZEF web sayfasında duyurulan tarihler arasında gerçekleştirmelidir. Sınav merkezi tercihi belirlenen tarih aralığında ""https://auzefsinav.istanbul.edu.tr"" buradan öğrenciler tarafından yapılacaktır. Sınav merkezi tercihi aşamasında engelli veya hükümlü olan öğrencilerin engel durumları ile ilgili bilgileri hatasız olarak bildirmeleri gerekmektedir.";SINAV_HAKKINDA_BILGI-BUTUNLEME_SINAVI_SHB-BILGI;Telafi sınavı için sınav merkezimi değiştirmek istiyorum, bu işlem mümkün mü ve nasıl yapılır?;Bütünleme sınavı öncesi sınav merkezi değişikliği yapma hakkım var mı?;Telafi sınavı için atanmış olduğum sınav merkezini değiştirebilir miyim?;Bütünleme sınavı merkezimi nasıl değiştirebilirim?;Telafi sınavına farklı bir merkezde girmek istiyorum.;Bütünleme sınavında sınav yerimi değiştirmek mümkün mü?;Telafi sınavı için sınav merkezim dışında bir yerde sınava girebilir miyim?;büt sınavı merkez değişikliği istiyorum;;;;;;;;;;;;
232;Staj başvurusunu ne zaman ve nereden yapabilirim?;"Staj takvimi ve işlemleri için ""https://auzef.istanbul.edu.tr/"" buradan ilgili tarihlerde duyuru yapılmaktadır.";MEZUNIYET_STAJ_YAZ_OKULU-STAJ_ISLEMLERI-BILGI;Stajım için başvuru sürecini ne zaman başlatmalıyım?;Zorunlu stajım için başvuruları nereye yapmam gerekli?;Staj başvuru işlemlerimi hangi web sitesi veya ofis üzerinden yapabilirim?;Stajım için başvuru yapma zamanı nedir?;Staj başvurusu için belirlenen dönemler nelerdir?;Staj için başvurularımı hangi dönemde yapmam gerekiyor?;Zorunlu staj başvurusunu yapmak için en uygun zaman ne?;Stajım için nasıl ve ne zaman başvuru yapabilirim?;staj başvuru süreci nasıl işler?;;;;;;;;;;;
233;Başarı notunun belirlenmesinde bitirme (final) sınavının etki oranı % kaçtır.;Başarı notunun belirlenmesinde bitirme(final) sınavının etki oranı % 70 tir.;SINAV_HAKKINDA_BILGI-BITIRME_SINAVI_SHB-BILGI;Bitirme (Final) sınavının genel başarı notuma katkısı yüzde olarak kaçtır?;Final sınavı notumun ders başarısı üzerindeki etki yüzdesi nedir?;Genel not ortalamamın hesaplanmasında final sınavının etkisi yüzde kaç olarak değerlendirilmektedir?;Bitirme sınavı sonucumun genel not ortlamam üzerindeki yüzdesel etkisi nedir?;Final sınavının toplam not ortalamasındaki ağırlığı yüzde kaçtır?;GNO hesaplanmasında final sınavı ne kadar etkili?;Final sınavı notlarımın genel not ortalaması üzerindeki katkısı nedir?;Bitirme sınavı notlarımın genel başarı puanıma etkisi yüzde kaç olarak hesaplanmakta?;;;;;;;;;;;;
234;Uzaktan öğretim tezsiz yüksek lisans öğrencisiyim Ders materyali sistemine nereden giriş yapabilirim;Uzaktan öğretim tezsiz yüksek lisans programı öğrencileri  oys.istanbul.edu.tr adresinden sisteme giriş sağlamaktadır.;DERS_MATERYALLERI-DIGER-DESTEK;Uzaktan eğitim yüksek lisans programımdaki ders materyallerine erişim için hangi platformu kullanmalıyım?;Tezsiz yüksek lisans programımda gereken ders materyallerine ulaşmak için hangi online sistem üzerinden giriş yapabilirim?;Uzaktan öğretim kapsamında tezsiz yüksek lisans derslerim için materyal sistemine giriş yapmak istiyorum;Ders materyalleri sistemine erişim sağlamak istiyorum;Uzaktan öğretim tezsiz yüksek lisans programında kullanılan ders materyalleri nerede?;Uzaktan eğitim yoluyla aldığım tezsiz yüksek lisans derslerinin materyallerine nasıl ulaşabilirim?;Tezsiz yüksek lisans öğrencisi olarak ders materyallerim için kullanacağım sisteme giriş bilgilerini nasıl alırım?;Uzaktan öğretim yüksek lisans programım için ders materyallerine erişebileceğim platformuna giriş yapmak istiyorum;;;;;;;;;;;;
235;"Yatay geçiş yapacağım ""Yatay Geçişe Engel Olmadığına Dair Belgeyi"" nereden alabilirim?";Yatay Geçişe Engel Olmadığına Dair Belgeyi AKSİS belgeler alanından talep edebilirsiniz.;YENI_KAYIT-YATAY_GECIS-DESTEK;Yatay geçiş sürecim için gerekli olan 'Yatay Geçişe Engel Olmadığına Dair Belge'yi nasıl temin edebilirim?;Yatay geçiş başvurusu yaparken ihtiyacım olan 'Yatay Geçişe Engel Olmadığına Dair Belge'ye nasıl ulaşırım?;Yatay Geçişe Engel Olmadığına Dair Belge' almak istiyorum;Yatay geçiş işlemleri için gerekli olan 'Yatay Geçişe Engel Olmadığına Dair Belge' talep ediyorum;Yatay geçiş yapabilmek için gereken 'Yatay Geçişe Engel Olmadığına Dair Belge'yi nereden alırım?;;;;;;;;;;;;;;;
236;Telafi sınavında DD DC harf notlu derslerimden sınava girdim düşük aldım hangi notum geçerli olur?;DD ve DC notu olan derslerden telafiye giren öğrenci FF alırsa sınav notu FF olarak kalır. En son aldığınız not geçerli olmaktadır.;SINAV_HAKKINDA_BILGI-BUTUNLEME_SINAVI_SHB-BILGI;Telafi (Bütünleme) sınavında DD veya DC notlu derslerime girdim ve aldığım not düşük çıktı, bu durumda hangi notum dikkate alınır?;Telafi sınavında daha düşük bir not aldıysam, orijinal notum mu yoksa telafi sınavındaki notum mu geçerli olacak?;Telafi sınavı sonucum, önceden aldığım DD veya DC notlarımdan daha kötüyse, akademik kayıtlarımda hangi not esas alınır?;DD veya DC notları aldığım dersler için telafi sınavına katıldım ve notum düşük geldi. Bu durumda ilk aldığım not mu yoksa telafi sınavındaki not mu geçerli olacak?;Eğer telafi sınavından aldığım not, önceki notlarımdan daha düşükse, hangi notum geçerli olur?;DD veya DC ile girdiğim bir dersin telafi sınavından düşük bir not alırsam, bu yeni notum mu, yoksa önceki notum mu geçerli sayılır?;"DD veya DC notlu derslerden biri için telafi sınavına girip daha düşük bir not aldım; hangi notum dikkate alınacak?";DD veya DC aldığım bir dersin telafi sınavında daha düşük not aldım geçerli olan not hangisi olur?;bütünlemeden düşük alırsam hangi notum geçerli olur?;;;;;;;;;;;
237;Zorunlu stajım var stajdan muaf olabilir miyim?;"Zorunlu stajı bulunan programlarda okuyan öğrencilerden, ilgili alanlarda olmak koşulu ile çalışanlar ve daha önce staj yapmış olanlar staj muafiyetine başvurabilirler. Staj muafiyet işlemleri ve kılavuzu için "" https://cdn.istanbul.edu.tr/FileHandler2.ashx?f=staj-muafiyet-kilavuzu.pdf"" buraya tıklayınız. Zorunlu stajı bulunan programlar • Hemşirelik (Açık öğretim Lisans Tamamlama) • Endüstri Mühendisliği (Uzaktan Eğitim Lisans Tamamlama) • Coğrafi Bilgi Sistemleri (Uzaktan Eğitim Ön lisans) • Bankacılık ve Sigortacılık (Uzaktan Eğitim Ön lisans) • Dış Ticaret Programı (Uzaktan Eğitim Ön lisans) • İş Sağlığı ve Güvenliği (Açık öğretim Lisans) • Laborant ve Veteriner Sağlık (Açık öğretim Ön lisans) • Sosyal Hizmet (Açık öğretim Lisans Tamamlama) dır.";MEZUNIYET_STAJ_YAZ_OKULU-STAJ_ISLEMLERI-BILGI;Zorunlu staj gerekliliğimden muaf olabilmek için hangi kriterleri karşılamam gerekir?;Zorunlu staj yükümlülüğünden muaf olmak için ne yapmalıyım?;Zorunlu stajdan muafiyet almak istiyorum;zorunlu stajdan muaf olmak mümkün mü?;Zorunlu staj gerekliliğinden nasıl muaf olunur?;Zorunlu stajımdan muafiyet almak için hangi şartların sağlanması gerekiyor?;Zorunlu stajım için muafiyet muafiyet kriterleri nelerdir ?;;;;;;;;;;;;;
238;Formasyon Nedir? AUZEF’te formasyon eğitimi bulunuyor mu?;"Formasyon; eğitim fakültesi mezunu olmayan kişilerin öğretmen olabilmelerini sağlayan bir belgedir. İstanbul Üniversitesi AUZEF kapsamında formasyon eğitimi bulunmamaktadır.
Formasyon eğitimi, Üniversitelerin Eğitim Fakültesi, Eğitim Bilimleri Fakültesi ve/veya ilgili Fakültelerinin Eğitim Bilimleri Bölümlerinin altında yapılandırılabilir. İstanbul Üniversitesinde Eğitim Fakültesi bulunmamaktadır.
";DERS_SECIMI_MUAFIYET-FORMASYON-BILGI;Formasyon nedir?;AUZEF’te formasyon eğitimi mevcut mu ?;Formasyon eğitimi hakkında genel bilgi almak istiyorum.;AUZEF’te formasyon eğitimi veriliyor mu?;Formasyon eğitimi AUZEF’te var mı?;AUZEF bünyesinde formasyon eğitimi sunuluyor mu ve bu eğitimin içeriği nedir?;AUZEF’te formasyon eğitimi alma şansım var mı?;Formasyon programı hakkında nereden bilgi alabilirim?;;;;;;;;;;;;
239;Kaç Dönem Kayıt Yenilemezsem Kaydım Silinir?;"Açıköğretim Öğrencileri İçin;Üst üste dört (4) dönem katkı payı veya öğrenim ücretinin ödenmemesi ile kayıt yenilenmemesi nedeniyle YÖK'ün 2547 sayılı kanununun 44/C maddesi kapsamında öğrencilerin ilişikleri kesilir.Uzaktan Öğretim İçin;Üst üste sekiz (8) dönem katkı payı veya öğrenim ücretinin ödenmemesi ile kayıt yenilenmemesi nedeniyle YÖK'ün 2547 sayılı kanununun 44/C maddesi kapsamında yetkili kurullarının kararı ve Yükseköğretim Kurulunun onayı ile öğrencilerin ilişikleri kesilebilir.";KAYIT_YENILEME_ODEME-KAYIT_YENILEME_ISLEMLERI-BILGI;kaç dönem üst üste kayıt yenilemediğim takdirde akademik kaydım silinecek?;Kayıt yenileme yapmazsam öğrencilik statüm iptal olur mu?;Kaydımın silinmesine yol açacak maksimum kayıt yenilememe dönem sayısı nedir?;Kaç dönem kayıt yenilemezsem öğrencilik kaydım silinir?;kayıt yenileme işlemini kaç dönem atlayabilirim?;kayıt yenileme işlemi yapmadan geçebileceğim dönem sınırı nedir?;Kayıt yenileme işlemi yapmama sınırı kaç dönemdir?;Öğrenkaç dönem kayıt yenilememe hakkım bulunmaktadır?;;;;;;;;;;;;
240;Onur / Yüksek Onur belgemi nasıl alabilirim?;"AUZEF’ten mezun olan öğrencilerden AGNO’su 3.00–3.49 arasında olan öğrenciler Onur Belgesi; 3.50–4.00 arasında olan öğrenciler ise Yüksek Onur Belgelerini  AKSİS 'Belge Talepleri' alanından e-imzalı olarak alabilmektedir.";BELGE_TALEBI-EDIPLOMA-DESTEK;Akademik başarılarım sonucunda hak kazandığım Onur/Yüksek Onur belgesini nasıl alırım?;Onur veya Yüksek Onur öğrencisi olarak belgemi nereden alabilirim;Onur belgesialma hakkında bilgi alabilir miyim?;Onur / Yüksek Onur belgesini almak için üniversitenin hangi birimine başvurmalıyım?;Onur Yüksek Onur belgemi nereden temin ederim?.;;;;;;;;;;;;;;;
241;Kayıt dondurma ile ilgili bilgi alabilir miyim?;"Kayıt dondurma talepleri güz ve bahar olmak üzere, kayıt yenileme tarih aralıklarında AKSİS' ten alınır.Kayıt dondurma her defasında, bir veya iki yarıyıl/bir yıl olmak üzere öğrencinin toplamda normal öğrenim süresinin en çok yarısı kadar olabilir.  
Kayıt dondurulduğunda, öğrencinin öğrenim süresi ve ek süresi işlemez, öğrenci ilgili dönemler için izinli sayılır ve eğitim ve öğretim faaliyetleri ile sınavlara katılamaz.  
Kayıt dondurma süresi sona erdiğinde, öğrenci kaldığı yerden eğitim ve öğretimine devam eder. Kayıt dondurma işlemi, içinde bulunulan eğitim-öğretim yılında en az bir, en fazla iki yarıyıl için talep edilebilir. Örneğin 2022-2023 eğitim-öğretim yılının güz yarıyılında kayıt dondurmak için talep oluşturan öğrenciler sadece güz dönemi için 1 dönemlik ya da Güz + Bahar dönemi olarak 2 dönemlik kayıt dondurma talep edebilirler.  
Bahar döneminde talep oluşturacak öğrenciler sadece bahar dönemini dondurmak için talepte bulunabilirler.";KAYIT_YENILEME_ODEME-KAYIT_DONDURMA-BILGI;Kayıt dondurma işlemi hakkında bilgi almak istiyorum?;Üniversite kaydımı dondurmak istiyorum?;Kayıt dondurma prosedürü nedir?;Kayıt dondurma sürecini nasıl başlatabilirim?;Eğitimime ara vermek istiyorum.;Üniversite kaydımı dondurmak istiyorum;Akademik kaydımı dondurmak için başvuruda bulunacağım. ;Kaydımı ne zaman dondurabilirim?;"Kaydımı dondurdum dilekçe gönderdim farklı bir işem yapmam gerekir mi?  
";;;;;;;;;;;
242;Nasıl kayıt dondurabilirim?;"Fakültemizde kayıt dondurma başvuruları sadece kayıt yenileme tarih aralığında yapılabilmektedir. Kayıt dondurma talebinde bulunabilmek için herhangi bir neden belirtmeksizin AKSİS' e (aksis.istanbul.edu.tr) giriş yapılarak işleminizi başlatabilirsiniz. AKSİS ""AUZEF Öğrenme Yönetim Sistemi"" ""Başvurularım"" ""Kayıt Dondur/Sil Başvuruları"" alanına tıklanır. ""Yeni Başvuru"" dan uygun seçenekler tercih edilir. Başvuru nedeni alanı doldurulur. Doküman ekle bölümüne kayıt dondurma dilekçesi imzalı olarak yüklenir. Kaydet butonuna tıklanarak başvuru işlemi tamamlanır. Kayıt yenileme tarihleri dışında yapılan başvurular ve imzasız yüklenen dilekçeler reddedilecektir. Kayıt dondurma dilekçesine ""https://auzef.istanbul.edu.tr/tr/content/ogrenci-islemleri/dilekce-ornekleri---basvurular"" buradan ulaşabilirsiniz.";KAYIT_YENILEME_ODEME-KAYIT_DONDURMA-DESTEK;Kaydımı dondurma sürecini başlatmak için neler yapmalıyım?;Üniversite kaydımı dondurmak istiyorum, bu işleme nasıl başlayabilirim ve gereken prosedür nedir?;Kayıt dondurma işlemi için başvuru süreci nasıl işler ve bu işlemi yapmak için hangi belgeleri sunmam gerekmektedir?;Kaydımı dondurmak istiyorum, bu süreci nasıl ve nereden başlatabilirim?;Eğitimime ara vermek istiyorum, kayıt dondurma işlemi için neler yapmam gerektiğini öğrenmek istiyorum.;Kayıt dondurma işlemi için gereken adımlar nelerdir ve bu işlemi gerçekleştirmek için hangi dokümanları hazırlamalıyım?;Üniversite eğitimime bir süre ara vermek istiyorum, kaydımı nasıl dondurabilirim ve bu süreçte nelere dikkat etmeliyim?;Kayıt dondurma işlemi yapmak için hangi belgeleri toplamam gerekiyor ve bu işlemi başlatmak için nereye başvurmalıyım?;kaydımı nasıl dondururum;;;;;;;;;;;
243;Kaydımı dondurmuştum, tekrar nasıl açtırabilirim?;Kayıt dondurma işlemi sadece talep edilen dönemler için uygulanır. Yeni dönemde kayıt açtırmak için öğrencilerin herhangi bir işlem yapması gerekmez. Güz ve bahar olmak üzere her iki dönem içinde kayıt dondurma talebinde bulunmuş öğrencilerin, bahar döneminde öğrenimlerine devam etmek istemeleri durumunda fakülteye ıslak imzalı dilekçe ile başvuru yapmaları gerekmektedir.;KAYIT_YENILEME_ODEME-KAYIT_DONDURMA-DESTEK;Daha önce dondurduğum üniversite kaydımı tekrar aktif hale getirmek istiyorum?;Kaydımı nasıl yeniden aktif hale getirebilirim?;Dondurulan üniversite kaydımı aktifleştirmek istiyorum?;Kaydımı dondurmuştum, şimdi tekrar eğitime başlamak istiyorum.;Dondurduğum kaydımı açtırmak için ne yapmalıyım?;Kaydımı yeniden aktif hale getirmek istiyorum;Dondurduğum üniversite kaydımı nasıl açtırabilirim?;Üniversite Kaydımı aktifleştirmek için ne yapmalıyım?;;;;;;;;;;;;
244;Kaydımı nasıl sildirebilirim?;"Kayıt sildirme başvurunuzu AKSİS üzerinden eğitim yılı içerisinde herhangi bir tarihte yapabilirsiniz. Kayıt sildirme talebinde bulunabilmek için AKSİS' e (aksis.istanbul.edu.tr) giriş yapılır. ""AUZEF Öğrenme Yönetim Sistemi"" ""Başvurularım"" ""Kayıt Dondur/Sil Başvuruları"" alanına tıklanır. ""Yeni Başvuru""dan uygun seçenekler tercih edilir. Başvuru nedeni alanı doldurulur. Doküman ekle bölümüne kayıt sildirme dilekçesi imzalı olarak yüklenir. Kaydet butonuna tıklanarak başvuru işlemi tamamlanır. İmzasız yüklenen dilekçeler başvurunun reddedilmesine neden olur. Kayıt sildirme dilekçesine ""https://auzef.istanbul.edu.tr/tr/content/ogrenci-islemleri/dilekce-ornekleri---basvurular"" buradan ulaşabilirsiniz.";KAYIT_YENILEME_ODEME-KAYIT_SILDIRME-BILGI;Üniversiteden kaydımı tamamen sildirmek istiyorum;Kaydımı sildirmek için nereye başvurmalıyım?;Üniversite kaydımı kalıcı olarak sildirmek istiyorum;Eğitim kaydımı sildirmek istiyorum;Üniversiteden ayrılmak ve kaydımı sildirmek istiyorum;Kaydımı sildirme işlemi hakkında bilgi alabilir miyim?;Kaydımı üniversiteden nasıl sildirebilirim?;Üniversite kaydımı sildirmek için hangi belgeleri toplamam gerekli;;;;;;;;;;;;
245;"Kaydımı sildirdim; ancak kaydımı tekrar açtırmak istiyorum ne yapabilirim?";Kayıt sildirme başvurusu, herhangi bir sebeple fakültemizdeki öğrenimine son vermek isteyen öğrencilerimize yönelik hazırlanmıştır. Kayıt silme başvurusu geri döndürülemez bir işlem olduğu için başvuru yapmadan önce dikkatli karar verilmelidir.;KAYIT_YENILEME_ODEME-KAYIT_SILDIRME-BILGI;kaydımı yeniden açtırmak istiyorum, bu süreç için neler yapmalıyım?;kaydımı geri açtırmak istiyorum;Kaydımı sildirmiştim, şimdi ise tekrar kaydımı açtırmak istiyorum.;Önceden sildirdiğim kaydımı nasıl tekrar aktive edebilirim?;Kaydımı daha önce sildirmiştim, şimdi ise eğitimime devam etmek istiyorum.;Kaydımı yeniden aktif hale getirmek istiyorum;Kaydımı sildirdikten sonra pişman oldum ve şimdi kaydımı tekrar açtırmak istiyorum;Daha önce sildirdiğim üniversite kaydımı tekrar aktif hale getirmek istiyorum;;;;;;;;;;;;
246;Kayıt sildirme başvurumun sonucunu nasıl öğrenebilirim?;"Kayıt sildirme başvuruları öğrenci işleri tarafından incelendikten sonra, başvuru sonucu öğrencilerin dilekçelerinde belirtmiş olduğu GSM numarasına SMS olarak bildirilmektedir. Kayıt silme işlemi sonunda AKSİS' e ilgili öğrencinin statüsü ""AYRILDI"" olarak işlenir.";KAYIT_YENILEME_ODEME-KAYIT_SILDIRME-DESTEK;Kayıt sildirme işlemim için yaptığım başvurunun sonucunu nereden takip edebilirim?;Üniversiteden kaydımı sildirme başvurusunun sonucunu öğrenmek istiyorum;Kayıt sildirme başvurumun durumunu kontrol etmek istiyorum;Kaydımı sildirme işlemim hakkında yaptığım başvurunun sonucunu öğrenmek istiyorum;Kayıt sildirme talebimin sonucunu ne?;Üniversiteden ayrılma başvurum kabul edildi mi?;Kayıt sildirme işlemimle ilgili başvurumun ne durumda olduğunu kontrol etmek istiyorum;Kayıt sildirme başvuru sonucumu öğrenmek içinne yapmalıyım?;;;;;;;;;;;;
247;Yaz okulunda en fazla kaç kredilik ders alabilirim?;Alınacak dersler bir yaz döneminde en fazla 1O krediyi (ulusal) geçemez. Bir öğrenci, eğitimi süresince yaz okulundan toplamda en fazla 20 kredilik (ulusal) ders alabilir.;MEZUNIYET_STAJ_YAZ_OKULU-YAZ_OKULU_ISLEMLERI-BILGI;Yaz okulu döneminde maksimum kaç kredi ders alabilirim.;Yaz okulunda alabileceğim derslerin toplam kredi limiti nedir.;Yaz okulu döneminde en fazla kaç kredilik ders alabilirim.;Yaz okulunda alınabilecek maksimum kredi sayısı nedir?;Yaz okulunda ders seçerken uyulması gereken maksimum kredi limiti kaçtır?;Yaz okulunda alabiliceğim max kredi limimiti nedir?;Yaz okulunda maks ders alma limitim kaç kredidir.;Yaz okulu sürecinde alabileceğim derslerin kredi limiti ne kadardır.;;;;;;;;;;;;
248;Yaz okulunda ders alma koşulları nelerdir?;"Ders almayı talep eden öğrencilerin talepleri, ilgili birim yönetim kurulunda değerlendirilerek, uygun görülmesi halinde onaylanır.  
Alınan derslerin ulusal ya da AKTS kredileri, ilgili birimdeki okutulan derslerle aynı ya da daha fazla olmalıdır. 
Ders içerikleri en az %70 uyumlu olmalıdır. 
Alınacak dersler bir yaz döneminde en fazla 1O krediyi (ulusal) geçemez. Bir öğrenci, eğitimi süresince yaz okulundan toplamda en fazla 20 kredilik (ulusal) ders alabilir.  
Alt yarıyıllardan veya bulunduğu yarıyıldan FF, FD dersi/dersleri olan öğrenciler başka üniversitelerin yaz okullarından bu dersi/dersleri alabilir.  
Alt yarıyıllardan veya bulunduğu yarıyıldan ders programında olduğu halde hiç almadığı dersi/dersleri bulunan öğrenciler başka üniversitelerin yaz okullarından bu dersi/dersleri alabilir. 
Alt yarıyıllardan ya da bulunduğu yarıyıldan koşullu başarılı, DD-DC, harf notuna sahip öğrenciler başka üniversitelerin yaz okullarından notlarını yükseltmek amacıyla bu dersi/dersleri alabilir.";MEZUNIYET_STAJ_YAZ_OKULU-YAZ_OKULU_ISLEMLERI-BILGI;Yaz okulunda ders alabilmek için hangi ön koşulları sağlamam gerekiyor;Yaz okulu derslerine kayıt olabilmek için yerine getirmem gereken şartlar nelerdir;Yaz okulundan nasıl ders alırım;Yaz okulunda nasıl ders seçimi yaparım;Yaz okuluna ders kaydı yaparken hangi koşulları karşılamam gerekir.;Yaz okulu ders kaydı için gerekli koşullar nelerdir.;Yaz okulunda ders almak için gereken özel şartlar nelerdir;Yaz okulnda ders almak için gerekli başvuru kriterleri nelerdir;;;;;;;;;;;;
249;Yaz okulunda DD-DC harf notlu derslerimin notunu yükseltebilir miyim?;Alt yarıyıllardan ya da bulunduğu yarıyıldan koşullu başarılı, DD-DC, harf notuna sahip öğrenciler başka üniversitelerin yaz okullarından notlarını yükseltmek amacıyla bu dersi/dersleri tekrar alabilir.;MEZUNIYET_STAJ_YAZ_OKULU-YAZ_OKULU_ISLEMLERI-BILGI;Yaz okulunda dersleriminn notlarını yükseltmem mümkün mü?;DD veya DC aldığım dersler için yaz okulunda tekrar sınava girerek notlarımı yükseltebilir miyim.;DD-DC notlu derslerin notlarını yaz okulunda yükseltebilir miyim?;Yaz okulunda DD veya DC notlarımı yükseltme imkanım bulunuyor mu?;Yaz okulunda not yükseltme şansım var mı;DD-DC notlarımı yaz okulunda alacağım derslerle yükseltme olanağım var mı?;Yaz okulunda not yükseltme var mı?;Yaz okulunda DD-DC notlarımı yükseltmem mümkün mü;;;;;;;;;;;;
250;AUZEF'te yaz okuluna kayıt olmak istiyorum.;"İstanbul Üniversitesi'nde yaz okulu uygulaması bulunmamaktadır. Farklı üniversitelerin yaz okulundan ders alacak öğrencilerimiz, yaz okulu alacakları üniversitelerden aldıkları e-imzalı veya ıslak imzalı mühürlü ders içeriği belgesini AKSİS' e yüklemelidir. Yaz okulu ile ilgili kılavuz ve duyurulara  ""https://auzef.istanbul.edu.tr "" buradan ulaşabilirsiniz. Başvurularına, olumlu dönüş yapılan öğrenciler ders notlarını fakülteye ileterek ilgili derslerin notlarını AKSİS sistemine işletir. Ayrıntılı bilgiye  ""http://cdn.istanbul.edu.tr/statics/ulastirmalojistik.istanbul.edu.tr/wp-content/uploads/2016/06/Yaz-Okulu-Esaslar%C4%B1.pdf"" buradan ulaşabilirsiniz. ";MEZUNIYET_STAJ_YAZ_OKULU-YAZ_OKULU_ISLEMLERI-BILGI;AUZEF yaz okulu kayıt için nereye başvurmalıyım?;Yaz okulu döneminde AUZEF'te ders almak istiyorum.;AUZEF'te yaz okulu kaydı yapmak istiyorum;AUZEF yaz okulu kayıt işlemleri hakkında bilgi almak istiyorum;AUZEF'te yaz okuluna nasıl kaydolurum?;Yaz okulu için kayıt yaptırmak istiyorum.;AUZEF yaz okulu dönemine kayıt olabilmem mümkün mü?;Yaz okulunda AUZEF bünyesinde ders almak istiyorum.;"Yaz okulu başvuru tarihi ne zaman? 
";;;;;;;;;;;
251;Yaz okulundan başarıyla geçtiğim notları AUZEF' e nasıl iletebilirim?;Yaz okulundan başarı ile derslerini vermiş olan öğrencilerin, ders notlarının sisteme işlenmesi için ilgili evraklarının(onaylı imzalı) dersi aldıkları üniversite ya da kendileri tarafından fakülteye posta kargo veya elden teslim edilmesi gerekmektedir.;MEZUNIYET_STAJ_YAZ_OKULU-YAZ_OKULU_ISLEMLERI-DESTEK;Yaz okulunda aldığım derslerden elde ettiğim notları AUZEF'e aktarmak istiyorum.;Yaz okulu sonuçlarımı AUZEF sistemine nasıl iletebilirim;Başarıyla tamamladığım yaz okulu derslerimin notlarını AUZEF'e nasıl gönderebilirim.;Yaz okulunda aldığım notları AUZEF'e aktarmak istiyorum;Yaz okulundaki başarı notlarımı AUZEF'te saydırmak istiyorum?;Yaz okulu başarılarımı AUZEF sisteminde güncellemek istiyorum.;Yaz okulundan aldığım notları AUZEF'e eklemek istiyorum;AUZEF'e yaz okulundan aldığım ders notlarını nasıl iletebilirim?;"Yaz okulunda dersten geçtim sonucumu size nasıl ulaştıracağım? 
";;;;;;;;;;;
252;Mezuniyetim ne zaman sistemde görünür?;Mezuniyet için gerekli koşulları sağlayan öğrencilerin mezuniyet işlemleri koşulların sağlandığı son sınavın harf notları ilan edildikten sonraki 15 iş günü içerisinde yapılmaktadır.;MEZUNIYET_STAJ_YAZ_OKULU-MEZUNIYET_BILGILENDIRMESI-BILGI;mezuniyet durumumun sistemde ne zaman güncellenecek?;Mezuniyetimin sisteme işlenmesi ne kadar sürede gerçekleşir?;Mezuniyet bilgimin sistemde ne zaman yansıtılacağını merak ediyorum.;Mezun olduktan sonra mezuniyet statüm sisteme ne zaman yansır?;Mezuniyetimle ilgili bilgilerin sistemde görünmeye başlaması ne kadar zaman alır?;Mezuniyet bilgimin sistemde ne zaman güncellenecek?;Mezuniyetimin sistemde kayıtlı hale gelmesi ne kadar sürer?;Mezuniyet sonrası mezuniyet durumumun sisteme yansıması ne kadar zaman alır?;mezuniyetim ne zaman sisteme düşer?;;;;;;;;;;;
253;Akademik Takvime nasıl ulaşabilirim?;"Akademik Takvim, öğrencilerimizin eğitim hayatını etkilemeyecek şekilde ülke genelinde sınav yapan kurumların sınav takvimleri dikkate alınarak hazırlanır. Yoğun sınav takvimlerinde merkezi sınavlar ile ilgili (DGS, KPSS vb.)  bir çakışma durumda tek oturumdaki saat değişikliği yaparak öğrencilerimizin mağduriyet yaşamamasına özen göstermekteyiz. Akademik takvimimize aşağıdaki linkten ulaşabilirsiniz. ""https://auzef.istanbul.edu.tr/tr/content/akademik-takvim/2023-2024"" https://auzef.istanbul.edu.tr/tr/content/akademik-takvim/2023-2024";YENI_KAYIT-KAYIT_BILGILENDIRMESI-BILGI;Üniversitenin akademik takvimine nereden ulaşırım?;Akademik takvim nerede?;Üniversitenin akademik takvimine ulaşmak istiyorum.;Akademik takvim i nereden bulurum?;Akademik takvimi görüntülemek için  hangi sayfaları ziyaret etmeliyim;Üniversitenin akademik takvimine ulaşmak istiyorum;Üniversitenin resmi akademik takvimine nasıl erişebilirim;Sınavlarım çakıştı;;;;;;;;;;;;
254;Ders seçimi ne zaman yapılacak?;"Yayınlanmış olan Akademik Takvim de belirtilen ders ekle sil tarihleri arasında ders seçim işlemleri Fakültemiz tarafından yapılacaktır. Ders seçme işlemi sonrası Müfredat ekibimiz tarafından kontroller sağlanılarak öğrencilerimizin materyallere hemen ulaşım sağlaması hedeflenmektedir. ""https://auzef.istanbul.edu.tr/tr/content/akademik-takvim/2023-2024"" https://auzef.istanbul.edu.tr/tr/content/akademik-takvim/2023-2024";DERS_SECIMI_MUAFIYET-DERS_EKLE_SIL-BILGI;Ders seçimi için belirlenen tarihler nelerdir;Ders seçim işlemlerimin yapılacağı tarih aralığını öğrenmek istiyorum.;Ders seçimi için tahsis edilen zaman dilimi nedir;ders seçimlerim ne zaman başlayacak?;Ders seçimi süresi ne kadar.;Ders seçimi işlemleri ne zaman yapılacak?;Ders seçimi takvimi hakkında bilgi almak istiyorum;Ders seçimlerinin yapılacağı tarihler nedir?;Harç ödememe rağmen ders seçemiyorum;;;;;;;;;;;
255;Diplomamı ne zaman alabilirim?;"AUZEF’te 2017 yılından itibaren E-Diploma uygulamasına geçilmiş olup ıslak imzalı matbu diploma verilmemektedir. E-Diplomalar mezuniyet işleminiz sisteme işlendiğinde eşanlı olarak imza sürecine girmektedir. Bu süreç tamamlandığında Aksis - Belgeler kısmında ""Görüntüle"" butonuyla aktif olacaktır. ";MEZUNIYET_STAJ_YAZ_OKULU-MEZUNIYET_BILGILENDIRMESI-BILGI;Mezuniyetim sonrası diplomamı almak için ne kadar beklemem lazım;Diplomam ne zaman hazır olur;Diploma teslim süreci hakkında bilgi almak istiyorum.;Diplomamı almak için ne kadar beklemeliyim?;mezunum diplomamı almak istiyorum;Diplomamı ne zaman vereceksiniz;Diploma alım sürecim ne zaman başlar.;mezuniyet sonrası diploma almak ne kadar sürer?;;;;;;;;;;;;
256;Ders durum bilgisine nasıl ulaşabilirim?;Ders durum bilgilerinizi Aksis-Öğrenme Yönetim Sistemine giriş yapıldıktan sonra Eğitim Öğretim İşlemleri'nin altında Müfredat Listesi bölümünden ulaşabilirsiniz Aynı zamanda  transkript belgenizden aldığınız dersler ile programınızdaki ebs.istanbul.edu.tr adresindeki program ders bilgilerinden de karşılaştırma yapabilirsiniz.;DERS_MATERYALLERI-DERS_ISLEYIS_ANLATIMI-DESTEK;Ders durum bilgisi hakkında bilgi almak istiyorum;Ders durumum hakkında detaylı bilgiye nereden ulaşırım?;Ders kaydı ve akademik durumumla ilgili bilgileri kontrol etmek istiyorum.;Ders durumum hakkında bilgi almak istiyorum.;"Kalmış olduğum dersleri nereden görebilirim? 
";;;;;;;;;;;;;;;
258;Sınav yerlerimiz neden çok uzakta?;"Sınav merkezi öğrenci yerleştirme işlemleri atanacak bölgenin öğrenci yoğunluğuna göre sistematik olarak yapılmaktadır. Bu sebepten oturumlar arasında farklı binalarda yada sizin kendi konumunuza göre uzak bir bina gelebilir. Yerleştirmeler bölge bazında yapılmaktadır. 
 
Oturumların planlanmasında çok fazla etken belirleyici olmaktadır. Aldığınız derslerin dönemleri, ortak ders olması vb gibi bu sebepten planlama yapılırken bu kısıtlar üzerinden en uygun plan çıkartılmaktadır. Bazı durumlarda oturumlar arasında ders sayısında farklar çıkabilmektedir.";SINAV_HAKKINDA_BILGI-DIGER-BILGI;Sınav merkezlerinin öğrencilerin ikamet yerlerine göre uzak belirlenmesinin sebepleri nelerdir;Sınav yerlerinin öğrenci ikametlerine uzak;Sınav merkezi evime neden çok uzak;Sınav yerlerimin bana uzak olmasıyla ilgili bir sebep var ne?;Sınav merkezlerinin öğrencilerin konumlarına göre uzak seçilmesinin nedeni ne?;Sınav yerlerimin uzak oluşu konusunda bir açıklama alabilir miyim?;Öğrenciler için sınav yerlerinin uzak belirlenmesinin nedenleri nelerdir;Sınav yerlerimizin bize göre uzak seçilmesinin nedenleri nelerdir;iki oturum arası mesafe çok fazla;;;;;;;;;;;
259;Staj hakkında bilgi alabilir miyim?;"Staj ile ilgili tüm bilgilere kılavuzlarımızdan ulaşabilirsiniz. Staj Kılavuzu ve Takvimi'ne ""https://auzef.istanbul.edu.tr/tr/duyuru/2023-2024-egitim-ogretim-yili-staj-kilavuzu-ve-staj-takvimi-yayinlanmistir-4600350057002D005F00490059006A0043003000480039007900700046006200610041004F003200370077003200"" buradan ulaşabilirsiniz. Staj Muafiyeti ya da Mazeret kılavuzlarına ""https://auzef.istanbul.edu.tr/tr/duyuru/2023-2024-egitim-ogretim-yili-bahar-yariyili-staj-muafiyeti-kilavuzu-ve-engelli-ogrenci-staj-mazeret-basvuru-kilavuzu-yayinlandi-5800350048006F00670072003000430051006800660039007900700046006200610041004F003200370077003200"" buradan ulaşabilirsiniz.";MEZUNIYET_STAJ_YAZ_OKULU-STAJ_ISLEMLERI-BILGI;Staj yapma süreci hakkında bilgi almak istiyorum;Staj yapma gereklilikleri hakkında bilgi almak istiyorum;Üniversite stajı hakkında bilgi alabilir miyim?;Staj ile ilgili genel bir bilgi alabilir miyim;Stajlar hakkında ayrıntılı bilgiye nereden ulaşabilirim?;Staj kriterleri nelerdir?;Üniversite stajının tüm süreçleri hakkında bilgi alabilir miyim;staj süreçleri nasıl işler;"Staj başvuru formu onay için bekletiyor.  
";;;;;;;;;;;
260;Sınav sonucuna nasıl itiraz edebilirim?;Sonuç itirazları, sınava ait sonuçların açıklanmasının ardından 2 iş günü içerisinde aksis.istanbul.edu.tr adresindeki AUZEF Yeni Öğrenme Yönetim Sistemi üzerinden sırasıyla “Sınav İşlemleri - Sınav İtiraz İşlemleri - Sonuç İtiraz” menüleri kullanılarak yapılacaktır. Bu sistemin haricinde bildirilen soru itirazları dikkate alınmayacaktır.;SINAV_HAKKINDA_BILGI-DIGER-BILGI;"Soruyu işaretlediğim halde neden boş görünüyor? 
";"Sonuç itiraz süresi kaç gündür? 
";"Sınav sonuçlarına nereden itiraz edebilirim? 
";"Sınav sonucum hatalı hesaplanmıştır. Yeniden değerlendirilebilir mi? 
";"sınavımın sonucunda harf notumun hatalı olduğunu düşünmekteyim. 
";"Harf notum yanlış hesaplanmıştır. Düzeltebilir misiniz? 
";"Ben kopya çekmedim salon başkanı hakkımda tutanak tuttu geçersiz sayabilir misiniz? 
";"Bana sorulan sorular ile yayınlanan kitapçık neden farklı? 
";sınav sonucuma itiraz etmek istiyorum;;;;;;;;;;;
261;Hangi öğrenciler para iadesi başvurusunda bulunabilirler?;"Engelli, Şehit/Gazi yakını olan öğrencilerle dönem dersi olmadığı halde ödeme yapan öğrenciler, eğitim hakkından yararlanmadan kaydını sildiren öğrenciler iade başvurusunda bulunabilmektedir. Başvurular ilgili birim tarafından kontrol edilerek işleme alınmaktadır. Detaylı ilgiler için linki inceleyiniz. ""Engelli, Şehit/Gazi yakını olan öğrencilerle dönem dersi olmadığı halde ödeme yapan öğrenciler, eğitim hakkından yararlanmadan kaydını sildiren öğrenciler iade başvurusunda bulunabilmektedir. Başvurular ilgili birim tarafından kontrol edilerek işleme alınmaktadır. Detaylı ilgiler için linki inceleyiniz. https://auzef.istanbul.edu.tr/tr/content/tanimlar-kosullar/ozel-gereksinimli-ogrenciler-ve-iade-islemleri"" https://auzef.istanbul.edu.tr/tr/content/tanimlar-kosullar/ozel-gereksinimli-ogrenciler-ve-iade-islemleri";KAYIT_YENILEME_ODEME-ODEME_ISLEMLERI_KY-BILGI;kimlere para iadesi yapılabilir;iade hakkı olan kimler;iadeden kimler faydalanabilir;engelliyim iade almak istiyorum;gazi yakınılarına iade hakkı var mı;iadeye başvurabiliyor muyum;kimlere iade yapılıyor;kimler iade alabilir;engelliyim para iadesi almak istiyorum;;;;;;;;;;;
262;Harç iadesi için ne yapmalıyım?;"Aşağıdaki bağlantıda tarif edildiği şekilde iade başvurusu yaptığınız taktirde başvurunuz fakültemiz ilgili birimine ulaştıktan sonra ibraz etmiş olduğunuz belgeler incelenecektir.İbraz edilen belgelerin onaylı nüshaları Döner Sermaye İşletme Müdürlüğüne ve Sağlık Kültür Spor Daire Başkanlığına iletilmekte olup, bu kurumlar tarafından da ayrıca  incelenmekte olduğundan iade işlemleri uzun sürebilmektedir. Fakültemize göndermiş olduğunuz belgelerin eksik/hatalı/uygun bulunmaması durumunda sms ile bilgilendirme yapılmaktadır.""https://auzef.istanbul.edu.tr/tr/content/tanimlar-kosullar/ozel-gereksinimli-ogrenciler-ve-iade-islemleri"" https://auzef.istanbul.edu.tr/tr/content/tanimlar-kosullar/ozel-gereksinimli-ogrenciler-ve-iade-islemleri";KAYIT_YENILEME_ODEME-ODEME_ISLEMLERI_KY-BILGI;Para iadesi için ne yapmalıyım;paramı nasıl geri alabilirim;iade işlemi nasıl oluyor;harç iademin durumu ne zaman belli olur;gerekli iade belgeleri nelerdir;iade ne zaman yatar;iade alabilmek için ne gerekiyor;iade ne zaman işleme alınır;;;;;;;;;;;;
263;İade başvurumun sonucunu öğrenmek için ne yapmalıyım?;İade başvurunuzun sonucuyla alakalı bilgi almak için Çözüm Destek Merkezi üzerinden iletişime geçerek bilgi istemeniz gerekmektedir. ;KAYIT_YENILEME_ODEME-ODEME_ISLEMLERI_KY-DESTEK;iadem ne durumda;iade başvurum işleme alındı mı;iade dilekçem işleme alındı mı;başvurum işleniyor mu;iade başvurumun sonucu ne oldu;iade dilekçemin sonucu ne oldu;dilekçem işleme alındı mı;iademin durumu için nereden bilgi alabilirim;;;;;;;;;;;;
264;Mobil uygulamada ders materyalini indiremiyorum. Ne yapmam gerekiyor?;"Statü durumu ""Devamlı Öğrenci"" olan tüm öğrencilerimizin seçili derslerine ait materyalleri sistemlere yüklenmiştir. Mobil uygulama üzerinden ders materyali görüntüleyemiyorsanız öncelikle AKSİS Statü Durumu'nuzu kontrol ediniz. Statü durumunuz ""Devamlı Öğrenci"" ise mobil uygulamanın güncel sürümünü kontrol edip akabinde uygulamadan çıkış yaparak tekrar giriş yapınız.";AUZEF_MOBIL_PROBLEMLERI-AUZEF_MOBIL_MATERYAL_PROBLEMLERI-DESTEK;ders notu indiremiyorum;telefonuma ders notu inmiyor;uygulamadan not inmiyor;ders materyali telefonuma inmiyor;uygulama çalışmıyor;not indirme sorunu yaşıyorum;materyal indiremiyorum;uygulama güncel değil;;;;;;;;;;;;
265;Soyadım değişti diplomamda değişiklik yapabilir miyim?;Diplomada kimlik bilgisi değişikliği yapılması mümkün değildir. Fakat ıslak imzalı bir dilekçeniz ve mahkeme kararıyla birlikte fakültemize başvuru yaptığınız takdirde diplomanızın arka yüzüne şerh düşme işlemi yapılabilecektir. Dilekçenizi fakültemize elden teslim edebilir veya kargoyla gönderebilirsiniz.;BELGE_TALEBI-EDIPLOMA-DESTEK;soyismim değişti diplomamda değişiklik yapabilir miyim?;soy ismim değişti diplomamda değişiklik yapabilir miyim?;Diplomada kimlik bilgisi değişikliği yapılması mümkün mü?;diploma kimlik bilgilerim güncel değil;diplomamı güncelleyebilir miyim?;soyisim değişikliğinde diploma değişir mi?;soyadı değişikliğinde diploma değişir mi?;;;;;;;;;;;;;
266;Sınav soruları çok zordu;Sorular hocalarımızın sorumluluğundadır. Materyal olarak sistemde ne yüklendiyse (kitap, ünite özet, video, ünite sonu sorular vb.) hepsinden sorumluluğunuz bulunmaktadır. Hocalarımız ya da soru hazırlayan yetkililerimiz İstanbul Üniversitesi diplomasının ne kadar değerli olduğunun bilincindedir. Materyallerinizin tamamına çalışarak derslerinizde başarılı olacağınıza inancımız tamdır. Sınav sorularının müfredat dahilinde hazırlanması hocaların tasarrufunda olup kolay veya zor soru hazırlanması yönünde herhangi bir telkin veya müdahalede bulunulması mümkün değildir.;SINAV_HAKKINDA_BILGI-DIGER-BILGI;sınav sorularını beğenmedim;sınavda çıkan sorular derstekilerden daha zordu;sınav soruları çok kazıktı;hocalar çok zor sormuş;sınav soruları öncekilerden daha zordu;;;;;;;;;;;;;;;
267;AUZEF'e nasıl ulaşabilirim?;"Adresimiz: Maslak Mah. Bilim Sk. Plaza No:5 Sun Plaza B Blok Maslak / Sarıyer / İSTANBUL AUZEF dijital bir fakültedir. Bu adres dışında herhangi bir şubemiz bulunmamaktadır. Çağrı Merkezi hafta içi mesai saatleri arasında hizmet vermektedir. 0(212) 440 00 44 Bunların dışında sosyal medya hesaplarımızdan da bizlere ulaşabilirsiniz. ""https://www.instagram.com/acikveuzaktan/"" https://www.instagram.com/acikveuzaktan/""https://twitter.com/acikveuzaktan"" https://twitter.com/acikveuzaktan""https://auzef.istanbul.edu.tr/"" https://auzef.istanbul.edu.tr/";BELGE_TALEBI-DIGER-BILGI;81 ilde iletişim merkeziniz var mı?;Yurtdışında herhangi bir büronuz var mı?;AUZEF' nasıl ulaşırım?;İletişim bilgileri nelerdir?;Fakülte iletişim bilgilerinizi öğrenebilir miyim?;Çağrı merkezi telefonunuz nedir?;Adresiniz nedir?;Adresinizi öğrenebilir miyim?;;;;;;;;;;;;
